transaction_id,customer_id,age,gender,city,category,payment_method,transaction_date,amount,is_returning_customer
3941,1160,32,Female,Hyderabad,Electronics,Credit Card,2025-01-01,6392.97,1
2232,1111,24,Male,Bangalore,Fashion,Credit Card,2025-01-01,2827.5,1
3978,1458,45,Female,Bangalore,Grocery,Debit Card,2025-01-01,1060.31,1
3929,1684,47,Male,Chennai,Grocery,Debit Card,2025-01-02,845.68,0
1427,1796,64,Female,Pune,Grocery,UPI,2025-01-02,1075.55,0
3642,1503,21,Male,Mumbai,Beauty,UPI,2025-01-02,1081.74,1
2588,1611,42,Male,Chennai,Fashion,UPI,2025-01-03,3007.7,1
2495,1612,40,Female,Delhi,Home & Furniture,UPI,2025-01-03,2938.82,1
389,1093,54,Female,Chennai,Grocery,UPI,2025-01-03,1098.83,1
1166,2067,24,Male,Mumbai,Grocery,UPI,2025-01-03,745.24,1
2876,2122,31,Male,Mumbai,Electronics,UPI,2025-01-03,10866.24,0
1513,2189,25,Male,Kolkata,Electronics,UPI,2025-01-04,5951.9,0
3603,1053,31,Female,Bangalore,Electronics,UPI,2025-01-04,8757.27,0
283,1992,50,Male,Bangalore,Grocery,UPI,2025-01-04,843.24,1
1443,1933,49,Male,Kolkata,Home & Furniture,UPI,2025-01-04,6834.9,1
2806,2006,22,Male,Bangalore,Grocery,Debit Card,2025-01-04,856.22,0
2290,1997,24,Female,Chennai,Fashion,UPI,2025-01-04,2030.55,1
361,2081,46,Male,Kolkata,Home & Furniture,UPI,2025-01-05,6375.82,1
48,1897,29,Male,Chennai,Electronics,UPI,2025-01-05,7457.59,0
1424,1396,40,Male,Mumbai,Fashion,Net Banking,2025-01-05,3575.37,0
3555,1595,64,Female,Delhi,Grocery,Debit Card,2025-01-05,1677.12,0
1668,2035,30,Male,Kolkata,Home & Furniture,UPI,2025-01-05,6028.67,0
844,1512,37,Male,Kolkata,Books,Debit Card,2025-01-05,928.45,1
3167,1615,61,Male,Kolkata,Fashion,UPI,2025-01-05,2835.92,1
2221,1514,23,Male,Chennai,Home & Furniture,UPI,2025-01-05,8520.47,1
2506,2132,58,Male,Kolkata,Grocery,Debit Card,2025-01-05,1248.24,1
92,1418,63,Female,Mumbai,Electronics,Credit Card,2025-01-05,6871.77,1
469,1075,50,Female,Ahmedabad,Sports,Debit Card,2025-01-05,4375.47,0
2170,1984,37,Male,Chennai,Beauty,UPI,2025-01-06,2871.89,1
2141,1961,41,Female,Chennai,Grocery,COD,2025-01-06,1469.2,1
1775,1398,46,Male,Mumbai,Electronics,UPI,2025-01-06,10449.13,0
942,2052,64,Female,Bangalore,Grocery,COD,2025-01-06,1895.35,1
1246,1271,24,Male,Chennai,Electronics,UPI,2025-01-06,8928.6,1
2778,1276,34,Male,Pune,Home & Furniture,Credit Card,2025-01-06,3253.24,0
2898,2017,24,Female,Pune,Grocery,Credit Card,2025-01-06,1192.07,1
941,1050,59,Female,Kolkata,Grocery,UPI,2025-01-07,1205.34,1
1648,1304,35,Female,Mumbai,Home & Furniture,UPI,2025-01-07,4504.75,0
2385,1852,43,Male,Hyderabad,Home & Furniture,COD,2025-01-07,6441.4,1
2185,1301,43,Male,Bangalore,Sports,Credit Card,2025-01-07,2852.16,0
3695,1962,59,Female,Pune,Books,COD,2025-01-07,580.59,1
1552,1908,44,Male,Hyderabad,Home & Furniture,Credit Card,2025-01-07,5352.25,1
2351,1925,29,Male,Bangalore,Grocery,COD,2025-01-07,707.77,1
1011,2009,55,Male,Hyderabad,Grocery,UPI,2025-01-07,943.78,1
3688,1924,26,Female,Mumbai,Grocery,UPI,2025-01-08,1009.41,1
3039,1939,34,Female,Mumbai,Home & Furniture,Credit Card,2025-01-08,9752.81,0
1095,1609,18,Male,Mumbai,Beauty,Credit Card,2025-01-08,1852.92,1
1679,1150,57,Female,Hyderabad,Electronics,Credit Card,2025-01-08,8068.21,1
1999,1845,44,Female,Hyderabad,Fashion,UPI,2025-01-08,1432.99,1
1573,1902,55,Female,Pune,Electronics,UPI,2025-01-08,9118.53,1
2269,1582,37,Male,Delhi,Home & Furniture,UPI,2025-01-09,4364.88,1
1333,1317,21,Male,Ahmedabad,Fashion,Debit Card,2025-01-09,2686.18,0
1962,2090,24,Female,Pune,Electronics,COD,2025-01-09,11789.35,1
1132,2136,59,Female,Mumbai,Beauty,Debit Card,2025-01-09,984.5,1
253,1229,39,Female,Mumbai,Electronics,Debit Card,2025-01-09,10239.4,1
989,1341,54,Male,Pune,Fashion,Credit Card,2025-01-09,1936.19,1
2103,1199,64,Female,Hyderabad,Fashion,Debit Card,2025-01-10,1320.83,1
623,2108,33,Male,Delhi,Grocery,Net Banking,2025-01-10,757.91,0
2344,1611,38,Male,Mumbai,Electronics,Credit Card,2025-01-10,10075.77,0
1295,1689,41,Male,Delhi,Sports,Credit Card,2025-01-10,4570.43,1
793,1005,47,Male,Delhi,Grocery,Net Banking,2025-01-10,1119.54,1
2612,2011,51,Male,Hyderabad,Fashion,UPI,2025-01-11,4062.73,1
1149,1153,59,Female,Chennai,Electronics,Net Banking,2025-01-11,7441.95,1
477,2092,41,Male,Mumbai,Books,COD,2025-01-11,650.24,0
3016,1407,28,Female,Kolkata,Electronics,UPI,2025-01-11,5796.15,1
2515,1352,32,Female,Kolkata,Home & Furniture,Debit Card,2025-01-11,9719.67,1
2784,2053,59,Male,Hyderabad,Sports,UPI,2025-01-11,2406.77,1
2533,1155,30,Male,Hyderabad,Electronics,UPI,2025-01-11,4983.5,0
1998,1542,18,Male,Delhi,Home & Furniture,Credit Card,2025-01-11,6197.54,0
1091,1665,63,Female,Delhi,Grocery,Debit Card,2025-01-11,1640.09,1
203,1143,49,Female,Ahmedabad,Books,Credit Card,2025-01-11,938.21,1
3266,2062,54,Female,Delhi,Books,Credit Card,2025-01-12,730.94,1
3982,1507,38,Male,Kolkata,Electronics,Credit Card,2025-01-12,12815.79,0
3301,2040,32,Female,Mumbai,Books,Debit Card,2025-01-12,613.55,1
847,1269,21,Male,Kolkata,Electronics,COD,2025-01-12,9096.18,1
1490,1101,35,Female,Delhi,Beauty,Debit Card,2025-01-12,2032.16,0
3032,2119,37,Male,Delhi,Sports,Debit Card,2025-01-12,3260.13,0
1607,1333,36,Male,Kolkata,Fashion,Net Banking,2025-01-13,1808.16,1
3739,1652,38,Female,Bangalore,Sports,UPI,2025-01-13,1932.08,0
1503,1935,33,Male,Kolkata,Fashion,UPI,2025-01-13,1915.76,1
445,1675,52,Male,Ahmedabad,Beauty,UPI,2025-01-13,1879.25,1
27,1510,35,Female,Delhi,Electronics,Credit Card,2025-01-13,9507.11,1
1305,2112,27,Male,Pune,Home & Furniture,UPI,2025-01-13,6011.01,1
840,1333,55,Male,Chennai,Home & Furniture,UPI,2025-01-13,7699.47,1
2835,2110,41,Female,Pune,Fashion,UPI,2025-01-14,3166.26,0
3066,2036,27,Male,Mumbai,Electronics,Net Banking,2025-01-14,9280.45,0
3365,1278,61,Male,Ahmedabad,Home & Furniture,Credit Card,2025-01-14,3678.33,0
881,1922,34,Male,Hyderabad,Beauty,COD,2025-01-14,1861.47,1
1871,2005,34,Female,Mumbai,Fashion,Credit Card,2025-01-14,3161.09,0
612,1822,53,Male,Delhi,Books,Net Banking,2025-01-14,793.8,1
2438,1743,41,Female,Bangalore,Home & Furniture,UPI,2025-01-15,5281.34,0
1365,1081,24,Male,Pune,Grocery,COD,2025-01-15,1197.91,0
1912,1911,53,Female,Hyderabad,Fashion,UPI,2025-01-15,3438.55,0
2352,1875,34,Male,Kolkata,Electronics,Credit Card,2025-01-15,7296.48,1
643,2077,24,Male,Mumbai,Electronics,Credit Card,2025-01-16,7853.41,1
702,1681,59,Male,Delhi,Electronics,Credit Card,2025-01-16,5602.06,1
3377,2108,31,Male,Kolkata,Grocery,Net Banking,2025-01-16,1789.6,0
1447,1792,21,Male,Mumbai,Books,UPI,2025-01-16,424.88,0
3754,1234,50,Male,Mumbai,Sports,COD,2025-01-16,3471.98,0
1347,1780,48,Male,Hyderabad,Home & Furniture,UPI,2025-01-16,4390.07,0
539,1928,38,Male,Mumbai,Fashion,UPI,2025-01-16,1852.0,1
2662,1604,21,Female,Hyderabad,Sports,UPI,2025-01-16,3689.28,0
2786,2179,26,Female,Delhi,Grocery,Debit Card,2025-01-16,1263.67,1
3804,1528,41,Female,Mumbai,Electronics,UPI,2025-01-16,10840.13,1
738,1364,28,Male,Hyderabad,Fashion,COD,2025-01-17,2511.71,1
2366,1195,37,Female,Delhi,Beauty,UPI,2025-01-17,974.12,1
633,1033,25,Female,Delhi,Electronics,Debit Card,2025-01-17,10790.76,1
668,2019,23,Male,Hyderabad,Grocery,UPI,2025-01-17,1146.52,0
1289,2070,43,Female,Mumbai,Electronics,COD,2025-01-17,7630.96,0
3480,2174,58,Female,Delhi,Electronics,Credit Card,2025-01-18,6881.98,0
2326,1709,55,Female,Bangalore,Grocery,Debit Card,2025-01-18,1058.31,1
1115,1267,21,Female,Kolkata,Fashion,UPI,2025-01-18,1687.44,1
3946,2093,32,Female,Ahmedabad,Sports,Credit Card,2025-01-18,2582.53,0
241,1815,30,Male,Hyderabad,Home & Furniture,UPI,2025-01-18,5773.85,1
1438,1020,44,Female,Bangalore,Home & Furniture,Debit Card,2025-01-18,6431.84,1
3392,1495,33,Female,Delhi,Grocery,UPI,2025-01-18,1899.86,1
2752,1104,46,Male,Chennai,Home & Furniture,UPI,2025-01-19,6446.02,1
2535,1980,33,Female,Hyderabad,Grocery,UPI,2025-01-19,1179.15,1
130,1230,41,Female,Hyderabad,Home & Furniture,UPI,2025-01-19,6119.49,0
4000,1018,54,Male,Mumbai,Fashion,COD,2025-01-19,1332.17,1
1536,2107,50,Female,Chennai,Grocery,Credit Card,2025-01-19,1251.31,1
1263,1584,64,Male,Mumbai,Electronics,COD,2025-01-19,10917.71,1
916,2157,28,Male,Delhi,Sports,UPI,2025-01-19,2623.93,1
1714,1687,21,Male,Hyderabad,Fashion,UPI,2025-01-19,3169.18,1
1762,1342,31,Male,Bangalore,Electronics,COD,2025-01-19,9020.64,1
1997,1091,18,Male,Bangalore,Beauty,Credit Card,2025-01-19,1447.12,1
2091,1571,23,Male,Mumbai,Beauty,UPI,2025-01-19,1605.8,1
3709,1051,39,Male,Kolkata,Grocery,COD,2025-01-20,1419.29,1
392,1452,43,Female,Mumbai,Grocery,COD,2025-01-20,1492.98,0
1458,1386,62,Male,Delhi,Home & Furniture,Credit Card,2025-01-20,6470.0,1
2770,1418,62,Female,Hyderabad,Grocery,UPI,2025-01-20,1320.63,1
1408,1762,61,Male,Hyderabad,Electronics,UPI,2025-01-20,6053.89,1
3436,1072,59,Male,Hyderabad,Beauty,UPI,2025-01-20,981.92,0
1213,2194,46,Male,Mumbai,Home & Furniture,Credit Card,2025-01-21,4103.22,1
2,1860,19,Male,Delhi,Electronics,UPI,2025-01-21,8198.86,1
1280,2130,29,Male,Pune,Books,Net Banking,2025-01-21,1952.71,1
3048,1910,19,Male,Mumbai,Electronics,UPI,2025-01-21,18881.68,0
1107,1997,44,Male,Kolkata,Beauty,Credit Card,2025-01-21,1176.09,1
1774,2147,18,Female,Hyderabad,Fashion,COD,2025-01-21,3309.09,0
74,2076,19,Male,Bangalore,Books,UPI,2025-01-21,459.15,1
1945,1448,46,Male,Chennai,Home & Furniture,Debit Card,2025-01-21,5645.33,0
2540,1337,48,Female,Hyderabad,Grocery,UPI,2025-01-21,798.29,0
787,1242,53,Female,Ahmedabad,Sports,Credit Card,2025-01-21,1794.46,1
2751,1958,23,Female,Ahmedabad,Electronics,COD,2025-01-21,5710.05,1
1818,1520,53,Male,Ahmedabad,Fashion,Debit Card,2025-01-21,2476.79,1
17,1955,29,Male,Mumbai,Beauty,Credit Card,2025-01-21,1968.63,1
2499,1365,32,Male,Kolkata,Fashion,Credit Card,2025-01-21,2106.66,0
186,1463,59,Female,Delhi,Electronics,Credit Card,2025-01-21,8361.24,1
2220,1128,45,Male,Kolkata,Fashion,Net Banking,2025-01-22,4633.84,0
2466,1475,25,Female,Hyderabad,Books,Debit Card,2025-01-22,1277.61,1
3418,2125,42,Male,Delhi,Sports,Net Banking,2025-01-22,3471.6,1
3427,2024,61,Male,Hyderabad,Beauty,Debit Card,2025-01-22,3519.69,1
15,1805,22,Male,Mumbai,Fashion,Credit Card,2025-01-22,1486.96,1
560,1783,63,Female,Bangalore,Electronics,Debit Card,2025-01-22,7082.56,0
1801,1908,49,Female,Delhi,Grocery,COD,2025-01-23,1176.53,0
2549,1861,26,Male,Hyderabad,Fashion,Credit Card,2025-01-23,1855.48,1
2214,2053,27,Female,Hyderabad,Grocery,UPI,2025-01-23,3328.74,1
2708,1381,18,Male,Bangalore,Beauty,Debit Card,2025-01-23,1512.56,0
1653,1968,21,Female,Delhi,Fashion,UPI,2025-01-23,1967.0,1
2079,1020,40,Female,Hyderabad,Electronics,Credit Card,2025-01-23,8755.49,0
1236,2164,18,Male,Hyderabad,Home & Furniture,Credit Card,2025-01-23,4443.88,1
1802,1158,20,Male,Mumbai,Fashion,UPI,2025-01-23,2944.47,1
2158,1159,59,Female,Mumbai,Beauty,Credit Card,2025-01-24,998.52,1
2642,1778,60,Female,Pune,Books,UPI,2025-01-24,693.74,0
40,1166,39,Male,Chennai,Fashion,UPI,2025-01-24,2169.06,1
2490,2014,43,Male,Bangalore,Grocery,Debit Card,2025-01-24,1301.74,0
2840,1796,62,Male,Bangalore,Beauty,UPI,2025-01-24,1459.19,1
2867,1482,35,Female,Mumbai,Electronics,UPI,2025-01-24,5839.41,0
1184,2039,28,Male,Ahmedabad,Home & Furniture,Net Banking,2025-01-24,3024.27,0
3868,1897,29,Male,Bangalore,Grocery,COD,2025-01-24,929.21,1
2424,1610,24,Female,Delhi,Books,Debit Card,2025-01-24,537.92,0
939,1603,30,Female,Bangalore,Electronics,Credit Card,2025-01-24,11432.1,1
3084,1209,45,Female,Ahmedabad,Electronics,Credit Card,2025-01-25,6406.33,1
1261,1704,33,Female,Delhi,Sports,Credit Card,2025-01-25,4347.15,1
3120,1867,56,Male,Bangalore,Grocery,Net Banking,2025-01-25,1242.76,1
62,1729,37,Male,Delhi,Fashion,UPI,2025-01-25,1753.45,0
387,2070,19,Male,Hyderabad,Grocery,COD,2025-01-25,1080.08,1
446,1456,29,Female,Bangalore,Electronics,UPI,2025-01-25,6301.9,1
3891,1726,54,Female,Hyderabad,Home & Furniture,UPI,2025-01-25,11756.37,1
3593,2096,41,Male,Pune,Beauty,Net Banking,2025-01-25,2025.05,1
2020,1082,62,Male,Pune,Fashion,UPI,2025-01-25,3246.16,1
2099,1758,38,Female,Hyderabad,Grocery,UPI,2025-01-26,1102.81,0
2445,1679,19,Female,Chennai,Grocery,Net Banking,2025-01-26,970.85,1
1110,1026,37,Female,Mumbai,Fashion,Credit Card,2025-01-26,1545.04,1
124,1863,51,Female,Kolkata,Fashion,UPI,2025-01-26,2524.4,1
2639,1431,48,Male,Kolkata,Fashion,Credit Card,2025-01-26,2111.42,1
2350,1724,19,Male,Kolkata,Fashion,Debit Card,2025-01-26,3253.26,1
2197,1769,61,Female,Delhi,Books,Net Banking,2025-01-26,637.51,1
433,1604,43,Female,Mumbai,Fashion,UPI,2025-01-26,1447.97,0
166,1384,19,Male,Hyderabad,Sports,Credit Card,2025-01-26,3605.57,1
2414,2089,59,Male,Delhi,Electronics,Debit Card,2025-01-26,9511.4,0
614,1475,23,Female,Delhi,Home & Furniture,UPI,2025-01-27,8234.44,1
2122,1147,43,Male,Kolkata,Electronics,Net Banking,2025-01-27,6898.58,0
3180,1607,33,Male,Hyderabad,Grocery,UPI,2025-01-27,1562.7,0
2112,1448,34,Male,Bangalore,Home & Furniture,Credit Card,2025-01-27,6295.19,0
3176,1515,20,Male,Ahmedabad,Home & Furniture,Credit Card,2025-01-27,4423.22,1
2035,1419,49,Male,Chennai,Electronics,COD,2025-01-27,8371.33,0
1673,1125,27,Male,Bangalore,Electronics,UPI,2025-01-27,13477.47,0
1147,1481,28,Female,Pune,Fashion,Credit Card,2025-01-27,2526.49,1
2325,1253,29,Female,Hyderabad,Fashion,UPI,2025-01-27,2749.17,0
1118,1905,44,Female,Hyderabad,Beauty,Credit Card,2025-01-27,953.9,1
3582,1413,30,Female,Mumbai,Grocery,Credit Card,2025-01-27,1259.52,1
1706,2076,22,Female,Hyderabad,Beauty,UPI,2025-01-28,1411.78,1
2520,1226,21,Male,Pune,Home & Furniture,Debit Card,2025-01-28,4969.56,1
1416,1878,29,Female,Chennai,Sports,Net Banking,2025-01-28,4112.59,0
3689,1644,55,Male,Mumbai,Electronics,Debit Card,2025-01-28,8493.28,1
2977,1044,44,Female,Bangalore,Electronics,Credit Card,2025-01-28,8164.32,1
3448,1962,61,Female,Pune,Beauty,UPI,2025-01-28,1369.32,0
2159,1350,37,Female,Bangalore,Grocery,UPI,2025-01-28,1075.48,1
1749,1327,23,Male,Hyderabad,Grocery,Credit Card,2025-01-29,1393.19,1
564,1667,32,Male,Bangalore,Books,Debit Card,2025-01-29,858.06,0
3345,1552,36,Male,Hyderabad,Fashion,UPI,2025-01-29,1490.65,0
3923,1238,52,Male,Pune,Books,COD,2025-01-29,730.15,0
1059,1081,57,Female,Pune,Sports,UPI,2025-01-29,3017.99,0
2212,1022,18,Male,Hyderabad,Grocery,UPI,2025-01-30,1423.1,1
2929,1839,54,Female,Mumbai,Home & Furniture,Credit Card,2025-01-30,9734.83,1
103,2056,37,Female,Bangalore,Fashion,UPI,2025-01-30,1785.15,1
739,1665,28,Male,Bangalore,Grocery,UPI,2025-01-30,1002.15,0
371,2119,25,Female,Bangalore,Fashion,UPI,2025-01-30,3199.26,0
3815,2116,46,Male,Pune,Electronics,Credit Card,2025-01-30,16569.57,0
1482,1071,61,Female,Mumbai,Fashion,Debit Card,2025-01-30,2313.97,0
365,2150,40,Male,Delhi,Home & Furniture,Credit Card,2025-01-30,13584.74,1
1699,1587,59,Male,Pune,Grocery,UPI,2025-01-30,1634.49,0
2328,1756,63,Male,Mumbai,Home & Furniture,UPI,2025-01-30,7006.36,0
3568,1412,22,Female,Delhi,Grocery,Debit Card,2025-01-31,2573.5,1
2163,1782,34,Male,Hyderabad,Fashion,Net Banking,2025-01-31,2267.12,1
1888,1775,39,Male,Delhi,Electronics,Net Banking,2025-01-31,9497.78,1
2833,1123,32,Male,Bangalore,Grocery,Debit Card,2025-01-31,1763.94,1
1767,2004,25,Male,Delhi,Fashion,Net Banking,2025-01-31,2628.68,1
1700,1986,23,Female,Chennai,Electronics,UPI,2025-01-31,16451.85,1
3661,1852,63,Male,Kolkata,Fashion,Credit Card,2025-01-31,2534.87,1
1664,1836,28,Female,Delhi,Grocery,Debit Card,2025-01-31,1639.68,1
3466,2191,26,Female,Kolkata,Grocery,Credit Card,2025-01-31,1277.63,0
410,1791,50,Male,Kolkata,Electronics,Debit Card,2025-01-31,9170.26,1
2687,1440,62,Male,Mumbai,Grocery,COD,2025-01-31,1077.75,1
2435,1883,52,Female,Delhi,Fashion,COD,2025-02-01,1866.37,1
1950,1142,64,Female,Delhi,Fashion,Debit Card,2025-02-01,2135.48,1
1529,1715,49,Female,Hyderabad,Electronics,UPI,2025-02-01,8219.31,1
3528,1568,64,Female,Delhi,Books,Debit Card,2025-02-01,438.77,1
3005,1182,29,Female,Chennai,Fashion,UPI,2025-02-01,1660.96,0
2738,1849,38,Female,Kolkata,Grocery,Net Banking,2025-02-01,2070.59,0
597,1373,52,Female,Mumbai,Books,COD,2025-02-01,368.16,0
2538,1306,57,Female,Chennai,Home & Furniture,Credit Card,2025-02-01,6893.94,1
2585,1557,33,Female,Pune,Beauty,COD,2025-02-01,1952.77,0
642,1267,25,Male,Pune,Home & Furniture,UPI,2025-02-01,6134.59,1
1581,1731,52,Female,Kolkata,Fashion,UPI,2025-02-02,2661.48,1
1351,1355,49,Female,Ahmedabad,Fashion,COD,2025-02-02,1866.93,1
215,1008,61,Female,Delhi,Electronics,Debit Card,2025-02-02,13202.87,0
1108,1587,61,Female,Delhi,Home & Furniture,Credit Card,2025-02-02,4684.33,0
268,1016,42,Female,Chennai,Electronics,UPI,2025-02-02,11564.57,1
1953,1243,23,Female,Mumbai,Beauty,Credit Card,2025-02-02,1492.86,1
2209,1514,53,Male,Kolkata,Beauty,Debit Card,2025-02-02,1421.43,0
1565,1872,34,Male,Chennai,Fashion,UPI,2025-02-02,2338.82,1
2946,1695,41,Male,Delhi,Grocery,COD,2025-02-02,1975.88,0
2787,2195,34,Female,Hyderabad,Fashion,UPI,2025-02-02,1684.83,0
418,1379,44,Male,Hyderabad,Electronics,UPI,2025-02-03,8345.96,1
3694,1454,44,Female,Kolkata,Sports,Credit Card,2025-02-03,3085.67,0
3612,1042,40,Male,Kolkata,Grocery,Credit Card,2025-02-03,1112.72,1
510,1028,47,Female,Bangalore,Beauty,Credit Card,2025-02-03,3290.27,1
1751,1453,42,Female,Mumbai,Home & Furniture,UPI,2025-02-04,6084.75,0
1264,1398,48,Male,Pune,Sports,COD,2025-02-04,1588.64,1
3319,1732,40,Male,Mumbai,Grocery,UPI,2025-02-04,2743.28,0
2597,1153,60,Female,Mumbai,Beauty,UPI,2025-02-04,2565.47,0
1879,1998,54,Male,Ahmedabad,Home & Furniture,UPI,2025-02-04,3917.55,1
2204,2067,25,Female,Ahmedabad,Fashion,UPI,2025-02-04,1844.74,1
2323,1049,31,Female,Bangalore,Home & Furniture,Net Banking,2025-02-05,4633.97,0
1415,2056,42,Female,Delhi,Home & Furniture,UPI,2025-02-05,5267.97,1
1834,1856,32,Male,Chennai,Fashion,Net Banking,2025-02-05,2532.17,1
126,1563,61,Female,Delhi,Electronics,Credit Card,2025-02-05,8967.06,1
1251,1339,41,Male,Mumbai,Electronics,COD,2025-02-05,18066.75,1
3883,1043,45,Female,Mumbai,Grocery,Debit Card,2025-02-05,1517.92,0
1961,1133,64,Male,Mumbai,Electronics,COD,2025-02-05,5951.56,0
2842,1058,37,Female,Chennai,Beauty,COD,2025-02-05,2557.35,1
1259,1292,45,Female,Bangalore,Electronics,Net Banking,2025-02-05,9880.24,1
1918,1347,41,Female,Hyderabad,Electronics,UPI,2025-02-05,5532.44,1
613,1517,30,Male,Mumbai,Books,UPI,2025-02-06,716.02,0
538,1823,59,Female,Pune,Fashion,Debit Card,2025-02-06,1351.07,1
1262,1948,52,Female,Delhi,Grocery,Credit Card,2025-02-06,737.62,1
336,2002,28,Male,Hyderabad,Fashion,Net Banking,2025-02-06,2991.22,1
153,1663,30,Female,Pune,Beauty,UPI,2025-02-06,2202.55,0
2532,1985,57,Male,Chennai,Fashion,UPI,2025-02-06,1288.63,1
451,1977,51,Male,Ahmedabad,Sports,Credit Card,2025-02-06,1629.99,1
400,1022,63,Female,Delhi,Fashion,Credit Card,2025-02-06,1923.73,1
470,1264,55,Male,Chennai,Fashion,Credit Card,2025-02-06,1563.4,1
1128,1028,60,Female,Mumbai,Home & Furniture,UPI,2025-02-06,7722.96,1
1004,1285,42,Male,Mumbai,Grocery,Debit Card,2025-02-06,1064.57,1
3118,1557,50,Female,Chennai,Grocery,Debit Card,2025-02-06,929.48,1
3068,1928,59,Male,Bangalore,Electronics,Credit Card,2025-02-07,8551.2,1
2980,1357,53,Male,Delhi,Electronics,UPI,2025-02-07,9042.26,0
3125,1110,44,Female,Bangalore,Grocery,UPI,2025-02-07,1014.18,1
1455,1590,41,Female,Pune,Grocery,UPI,2025-02-07,2251.28,0
3225,1989,48,Male,Bangalore,Grocery,COD,2025-02-07,1230.67,0
954,2160,43,Male,Delhi,Electronics,Net Banking,2025-02-07,13122.85,0
3254,1618,27,Female,Chennai,Electronics,Credit Card,2025-02-07,4668.73,1
2658,1526,39,Male,Mumbai,Electronics,COD,2025-02-07,10147.63,0
3540,1097,44,Female,Ahmedabad,Home & Furniture,Credit Card,2025-02-07,9177.94,0
3213,1421,62,Male,Bangalore,Fashion,UPI,2025-02-07,1878.09,1
2246,2014,43,Female,Delhi,Fashion,UPI,2025-02-07,2089.73,1
3784,1757,59,Female,Hyderabad,Beauty,Credit Card,2025-02-07,1026.47,1
3231,1330,30,Female,Chennai,Electronics,Credit Card,2025-02-07,10861.48,0
1978,2133,35,Male,Hyderabad,Beauty,Debit Card,2025-02-07,1042.33,1
3439,1261,42,Male,Bangalore,Grocery,Debit Card,2025-02-07,863.38,0
808,1325,30,Male,Kolkata,Home & Furniture,UPI,2025-02-07,9342.74,0
2859,1340,46,Female,Mumbai,Beauty,UPI,2025-02-07,1477.51,0
2311,1197,34,Male,Delhi,Grocery,Debit Card,2025-02-07,950.96,1
2215,1107,33,Male,Mumbai,Electronics,UPI,2025-02-08,6508.32,0
2844,1637,38,Male,Pune,Electronics,Debit Card,2025-02-08,8603.26,1
1198,1593,42,Male,Hyderabad,Fashion,UPI,2025-02-08,3077.61,0
2335,1703,48,Female,Chennai,Grocery,UPI,2025-02-08,1374.39,1
3046,1427,23,Female,Hyderabad,Beauty,COD,2025-02-08,1971.69,1
2374,1491,39,Male,Bangalore,Fashion,Credit Card,2025-02-09,1646.3,1
3696,1620,23,Female,Mumbai,Electronics,UPI,2025-02-09,3240.05,1
3598,1175,45,Female,Kolkata,Grocery,Credit Card,2025-02-09,955.94,0
2624,1088,56,Male,Hyderabad,Electronics,UPI,2025-02-09,11310.86,0
1963,2030,36,Female,Bangalore,Home & Furniture,Net Banking,2025-02-09,3908.88,1
1361,1534,49,Male,Ahmedabad,Books,Debit Card,2025-02-09,1083.7,1
1071,1933,62,Female,Chennai,Books,Debit Card,2025-02-09,698.81,1
286,1252,30,Male,Mumbai,Sports,Debit Card,2025-02-09,3007.17,0
1362,1425,27,Male,Mumbai,Sports,COD,2025-02-09,1176.5,0
1560,1306,30,Female,Bangalore,Grocery,UPI,2025-02-10,1030.64,1
3792,1924,26,Female,Bangalore,Electronics,Credit Card,2025-02-10,7596.72,1
765,1110,56,Male,Bangalore,Fashion,UPI,2025-02-11,3215.58,1
3019,2053,59,Male,Delhi,Electronics,Credit Card,2025-02-11,6997.14,1
3444,1108,50,Male,Chennai,Beauty,UPI,2025-02-11,1369.74,0
197,1337,59,Male,Mumbai,Electronics,UPI,2025-02-11,8099.81,1
2966,1256,57,Male,Mumbai,Electronics,UPI,2025-02-11,11913.92,1
3425,1103,21,Female,Hyderabad,Grocery,Net Banking,2025-02-11,1196.73,1
2300,2169,28,Female,Mumbai,Grocery,Credit Card,2025-02-11,497.79,1
1635,1591,26,Female,Chennai,Electronics,Credit Card,2025-02-11,12509.33,1
1030,1442,40,Male,Pune,Fashion,COD,2025-02-11,2859.37,1
3791,1831,61,Female,Delhi,Fashion,UPI,2025-02-11,2212.37,1
2203,1087,52,Male,Pune,Fashion,Debit Card,2025-02-11,1714.77,1
2029,1763,27,Female,Pune,Grocery,Debit Card,2025-02-11,1321.0,0
2139,1920,19,Female,Mumbai,Electronics,COD,2025-02-11,12602.26,0
2229,1922,43,Male,Chennai,Fashion,UPI,2025-02-11,3004.51,0
1759,1782,20,Male,Mumbai,Books,Net Banking,2025-02-12,1012.34,0
2794,1559,22,Female,Hyderabad,Grocery,COD,2025-02-12,749.16,1
3137,1783,42,Male,Mumbai,Fashion,UPI,2025-02-12,2627.96,1
2064,1464,40,Female,Hyderabad,Home & Furniture,Net Banking,2025-02-12,4179.14,1
3742,2068,38,Male,Chennai,Electronics,COD,2025-02-12,10141.68,1
2504,2152,27,Male,Bangalore,Home & Furniture,Debit Card,2025-02-12,5040.86,1
3381,1843,31,Female,Kolkata,Fashion,Debit Card,2025-02-12,4284.52,1
2120,1663,40,Female,Mumbai,Beauty,UPI,2025-02-12,2144.49,0
2436,1213,35,Female,Hyderabad,Fashion,Debit Card,2025-02-12,3301.24,1
2390,1628,61,Male,Pune,Electronics,UPI,2025-02-12,10540.68,1
1130,1010,25,Male,Mumbai,Books,Net Banking,2025-02-12,643.19,1
3632,1945,36,Male,Bangalore,Grocery,UPI,2025-02-13,1096.47,1
726,1803,27,Female,Delhi,Sports,Credit Card,2025-02-13,2187.38,0
434,1969,37,Female,Ahmedabad,Sports,Credit Card,2025-02-13,2336.32,1
2574,1948,32,Male,Bangalore,Electronics,Debit Card,2025-02-13,7864.55,0
1798,1349,34,Male,Bangalore,Beauty,Credit Card,2025-02-13,1995.52,0
3886,2115,37,Male,Hyderabad,Beauty,UPI,2025-02-13,1074.34,0
3467,1338,43,Male,Bangalore,Electronics,Debit Card,2025-02-13,11039.37,0
1586,1607,41,Male,Bangalore,Books,Credit Card,2025-02-13,818.27,1
3627,1943,52,Female,Bangalore,Electronics,UPI,2025-02-14,8425.5,1
1846,1661,25,Female,Kolkata,Grocery,UPI,2025-02-14,1696.66,0
2110,1580,44,Male,Bangalore,Sports,Debit Card,2025-02-14,5389.23,1
3067,2124,32,Female,Delhi,Electronics,Net Banking,2025-02-14,10373.81,1
3226,2116,31,Female,Ahmedabad,Electronics,Credit Card,2025-02-15,10573.99,1
1651,1956,46,Male,Bangalore,Fashion,UPI,2025-02-15,1946.38,1
112,1612,47,Female,Bangalore,Fashion,COD,2025-02-15,1943.57,0
1087,1551,43,Male,Kolkata,Books,Credit Card,2025-02-15,590.03,0
859,1401,30,Female,Delhi,Fashion,Credit Card,2025-02-15,1458.53,0
1604,1477,26,Female,Ahmedabad,Electronics,Credit Card,2025-02-15,9201.68,1
3364,1627,53,Male,Hyderabad,Fashion,Credit Card,2025-02-15,1539.46,1
300,1784,54,Male,Hyderabad,Sports,UPI,2025-02-15,3802.89,0
3357,2187,35,Male,Chennai,Beauty,Debit Card,2025-02-16,1288.44,0
2342,1640,51,Female,Delhi,Grocery,UPI,2025-02-16,595.12,0
1829,1049,49,Male,Ahmedabad,Grocery,COD,2025-02-16,1200.12,1
1646,1686,37,Male,Bangalore,Sports,UPI,2025-02-16,3631.94,0
1053,1774,34,Female,Delhi,Home & Furniture,UPI,2025-02-16,5760.11,1
1061,1814,37,Male,Bangalore,Grocery,Credit Card,2025-02-16,1282.89,1
209,1896,38,Female,Hyderabad,Beauty,UPI,2025-02-16,1179.09,0
1764,1363,38,Male,Pune,Grocery,Net Banking,2025-02-17,1083.59,0
2302,2136,20,Male,Delhi,Beauty,UPI,2025-02-17,1732.59,0
221,1151,33,Female,Bangalore,Beauty,Credit Card,2025-02-17,1336.81,1
1093,1028,18,Male,Pune,Grocery,Credit Card,2025-02-17,988.95,1
3716,1847,22,Male,Pune,Electronics,Credit Card,2025-02-17,17905.13,1
3996,1338,31,Male,Kolkata,Home & Furniture,UPI,2025-02-17,11599.18,1
2943,1125,21,Female,Hyderabad,Electronics,Debit Card,2025-02-17,7955.84,0
2295,1431,44,Female,Bangalore,Fashion,Net Banking,2025-02-17,2003.89,1
1368,1294,20,Male,Delhi,Electronics,UPI,2025-02-17,11886.12,0
1660,2058,20,Male,Mumbai,Beauty,UPI,2025-02-17,2696.86,1
2601,1946,31,Female,Hyderabad,Grocery,Credit Card,2025-02-17,2185.79,1
3963,1026,46,Male,Bangalore,Beauty,UPI,2025-02-17,916.92,0
3353,1420,53,Male,Ahmedabad,Home & Furniture,COD,2025-02-18,6253.98,0
1346,1815,33,Female,Delhi,Electronics,UPI,2025-02-18,6797.47,0
2583,1406,48,Female,Pune,Fashion,UPI,2025-02-18,1345.54,0
483,2174,40,Male,Delhi,Books,UPI,2025-02-18,794.51,1
3104,2172,43,Female,Ahmedabad,Beauty,Credit Card,2025-02-18,1957.21,1
3570,1594,32,Female,Delhi,Grocery,Credit Card,2025-02-18,1601.61,1
1069,1260,39,Female,Delhi,Books,UPI,2025-02-18,866.13,0
2252,2043,51,Male,Bangalore,Beauty,Credit Card,2025-02-18,2424.29,1
520,1166,47,Female,Pune,Home & Furniture,UPI,2025-02-18,9145.46,1
2115,2031,53,Female,Bangalore,Home & Furniture,Net Banking,2025-02-18,3914.37,1
2409,1841,44,Male,Hyderabad,Home & Furniture,Credit Card,2025-02-18,6653.73,1
1294,1418,25,Female,Mumbai,Fashion,Debit Card,2025-02-19,2247.77,1
2877,1103,45,Female,Kolkata,Home & Furniture,UPI,2025-02-19,6663.89,0
2166,1182,46,Female,Hyderabad,Electronics,Credit Card,2025-02-19,7924.49,1
3798,1304,53,Female,Mumbai,Electronics,Net Banking,2025-02-19,10165.55,0
489,1934,52,Male,Bangalore,Electronics,UPI,2025-02-20,11807.12,1
1081,1127,28,Male,Mumbai,Fashion,UPI,2025-02-20,2200.61,1
2150,1189,38,Male,Delhi,Grocery,UPI,2025-02-20,1848.92,1
308,1407,56,Female,Kolkata,Electronics,COD,2025-02-20,13331.95,0
2791,1022,53,Male,Bangalore,Electronics,UPI,2025-02-20,16840.47,0
1611,1836,61,Male,Delhi,Books,COD,2025-02-20,1237.7,1
2048,1385,43,Male,Hyderabad,Home & Furniture,UPI,2025-02-20,9560.9,1
1168,1956,56,Female,Delhi,Beauty,Net Banking,2025-02-20,1918.31,0
50,1955,39,Female,Hyderabad,Home & Furniture,UPI,2025-02-21,7717.88,1
3808,1415,21,Male,Delhi,Electronics,Debit Card,2025-02-21,11503.69,1
2052,1660,61,Female,Mumbai,Home & Furniture,UPI,2025-02-21,4917.78,0
85,1520,46,Male,Pune,Grocery,Net Banking,2025-02-21,1225.17,1
1186,1400,24,Female,Chennai,Home & Furniture,Debit Card,2025-02-21,9008.78,0
3664,1362,32,Female,Bangalore,Grocery,UPI,2025-02-21,1455.74,0
3967,2114,31,Male,Hyderabad,Electronics,UPI,2025-02-21,10196.17,0
3267,1592,37,Male,Mumbai,Fashion,COD,2025-02-21,2734.79,0
713,1793,27,Male,Delhi,Fashion,Credit Card,2025-02-22,1830.84,1
2952,1112,27,Male,Ahmedabad,Electronics,UPI,2025-02-22,13037.5,1
1065,1706,46,Male,Pune,Fashion,COD,2025-02-22,3270.95,1
3912,1592,41,Female,Delhi,Fashion,COD,2025-02-22,1841.24,1
1577,1023,31,Male,Hyderabad,Home & Furniture,UPI,2025-02-22,8079.81,0
303,2199,33,Male,Bangalore,Home & Furniture,COD,2025-02-22,4848.79,1
2750,1040,64,Female,Bangalore,Beauty,Credit Card,2025-02-22,1091.84,1
3840,1750,26,Male,Chennai,Electronics,COD,2025-02-22,9837.12,1
1138,1622,45,Male,Mumbai,Grocery,Net Banking,2025-02-22,1438.22,1
3874,2147,49,Male,Bangalore,Fashion,COD,2025-02-23,2974.42,1
498,1587,28,Male,Chennai,Electronics,UPI,2025-02-23,9401.26,1
2866,1835,53,Male,Mumbai,Beauty,Debit Card,2025-02-23,1133.22,1
1896,2195,35,Female,Hyderabad,Grocery,UPI,2025-02-23,1051.98,1
556,1470,31,Male,Mumbai,Home & Furniture,Credit Card,2025-02-23,3805.58,0
2095,1241,43,Female,Delhi,Home & Furniture,COD,2025-02-24,6805.19,0
3095,1620,59,Male,Hyderabad,Home & Furniture,Debit Card,2025-02-24,5771.57,0
1003,1428,53,Female,Bangalore,Books,Debit Card,2025-02-24,739.57,1
1005,2167,49,Female,Mumbai,Beauty,UPI,2025-02-24,1088.04,1
1256,1375,49,Male,Chennai,Electronics,Debit Card,2025-02-24,6422.59,1
2921,1162,23,Male,Bangalore,Beauty,Credit Card,2025-02-25,1036.64,0
604,1826,57,Female,Pune,Books,Debit Card,2025-02-25,505.89,1
1850,2183,54,Male,Kolkata,Home & Furniture,UPI,2025-02-25,5081.31,0
2469,2095,43,Female,Pune,Electronics,UPI,2025-02-25,10163.18,1
1344,1352,42,Male,Ahmedabad,Fashion,Credit Card,2025-02-25,1774.44,0
3340,1083,52,Male,Chennai,Grocery,Debit Card,2025-02-25,753.59,0
2308,2141,20,Female,Delhi,Beauty,Credit Card,2025-02-25,2062.74,1
1920,2127,35,Female,Delhi,Home & Furniture,UPI,2025-02-26,4909.35,1
3579,1890,47,Female,Delhi,Home & Furniture,Debit Card,2025-02-26,7402.89,1
3194,1455,24,Female,Delhi,Grocery,Debit Card,2025-02-26,1232.0,1
210,1253,35,Female,Mumbai,Grocery,Debit Card,2025-02-26,1123.95,1
757,1811,61,Female,Delhi,Grocery,UPI,2025-02-26,1011.61,1
876,1578,19,Female,Ahmedabad,Electronics,Net Banking,2025-02-26,10167.7,0
106,1406,34,Female,Delhi,Home & Furniture,UPI,2025-02-26,7366.87,1
82,2180,39,Female,Ahmedabad,Grocery,Credit Card,2025-02-27,2251.28,1
2545,1895,43,Female,Delhi,Home & Furniture,Credit Card,2025-02-27,6759.4,1
3724,1546,47,Female,Chennai,Fashion,Credit Card,2025-02-27,2762.9,1
2759,1712,38,Female,Hyderabad,Books,Credit Card,2025-02-27,810.58,0
119,1794,47,Male,Hyderabad,Fashion,Net Banking,2025-02-27,2780.35,1
3618,1368,58,Female,Pune,Home & Furniture,COD,2025-02-28,4213.81,1
2756,1209,62,Male,Mumbai,Sports,UPI,2025-02-28,2074.37,0
1865,1301,21,Female,Ahmedabad,Grocery,Credit Card,2025-02-28,1051.97,0
2580,2138,27,Male,Mumbai,Sports,UPI,2025-02-28,2142.19,0
2483,1258,30,Female,Hyderabad,Books,Credit Card,2025-02-28,576.98,0
1323,1913,24,Female,Chennai,Home & Furniture,Credit Card,2025-02-28,5604.59,0
230,1098,54,Male,Delhi,Books,Debit Card,2025-02-28,1008.52,0
2848,2092,64,Female,Pune,Home & Furniture,Credit Card,2025-02-28,9018.1,1
3014,2011,22,Male,Bangalore,Home & Furniture,Credit Card,2025-03-01,7566.65,0
2467,1163,35,Female,Hyderabad,Fashion,UPI,2025-03-01,1456.21,1
3745,1484,55,Female,Hyderabad,Fashion,Credit Card,2025-03-01,2240.87,1
3826,1428,31,Female,Hyderabad,Beauty,UPI,2025-03-01,1054.6,1
1939,1748,23,Male,Pune,Beauty,Debit Card,2025-03-01,2095.98,1
3384,1750,56,Male,Chennai,Grocery,Net Banking,2025-03-01,1994.17,0
3076,2124,51,Male,Delhi,Fashion,Net Banking,2025-03-02,2097.97,1
412,1257,25,Male,Hyderabad,Electronics,Debit Card,2025-03-02,16203.58,1
3140,1697,37,Female,Delhi,Fashion,UPI,2025-03-02,1415.22,0
706,1232,40,Male,Chennai,Sports,Credit Card,2025-03-02,2618.06,1
468,1444,38,Male,Chennai,Fashion,Debit Card,2025-03-02,1269.02,0
3749,1661,49,Female,Mumbai,Grocery,UPI,2025-03-03,781.09,0
1696,2168,30,Male,Bangalore,Electronics,COD,2025-03-03,9875.3,1
3071,1792,40,Male,Chennai,Grocery,UPI,2025-03-03,915.12,1
625,1456,62,Male,Chennai,Fashion,Credit Card,2025-03-03,2668.62,0
3698,1802,53,Female,Bangalore,Sports,UPI,2025-03-03,2693.7,1
99,1134,40,Female,Kolkata,Beauty,UPI,2025-03-04,1561.6,1
536,1189,18,Male,Hyderabad,Fashion,Credit Card,2025-03-04,1705.82,1
3344,1220,33,Male,Hyderabad,Home & Furniture,UPI,2025-03-04,7209.76,1
105,1502,59,Male,Chennai,Beauty,Debit Card,2025-03-04,4127.32,0
2178,1038,32,Male,Chennai,Grocery,Credit Card,2025-03-04,1732.8,0
3343,2132,42,Female,Kolkata,Sports,UPI,2025-03-04,2187.9,1
2552,1723,45,Female,Pune,Beauty,Credit Card,2025-03-04,1252.32,0
1528,1552,40,Male,Hyderabad,Home & Furniture,COD,2025-03-04,4634.95,0
3187,2113,55,Female,Hyderabad,Grocery,Credit Card,2025-03-04,1368.13,1
3753,1637,20,Female,Hyderabad,Electronics,COD,2025-03-04,9323.52,1
2235,1931,62,Female,Mumbai,Fashion,COD,2025-03-05,2120.26,1
1925,1148,59,Female,Mumbai,Grocery,UPI,2025-03-05,1671.03,0
1055,2108,36,Female,Delhi,Books,Net Banking,2025-03-05,618.77,1
521,1090,26,Male,Mumbai,Beauty,Debit Card,2025-03-05,2574.25,1
2447,2049,53,Male,Ahmedabad,Fashion,UPI,2025-03-05,2457.85,1
1195,1687,60,Male,Hyderabad,Grocery,Net Banking,2025-03-06,872.2,1
911,1793,41,Female,Mumbai,Electronics,Debit Card,2025-03-06,14393.01,1
3949,1607,43,Female,Hyderabad,Fashion,Credit Card,2025-03-06,7238.51,1
431,1089,59,Female,Hyderabad,Electronics,UPI,2025-03-06,6855.65,0
1223,1721,42,Male,Bangalore,Grocery,COD,2025-03-07,1186.91,1
2892,1245,55,Female,Delhi,Electronics,UPI,2025-03-07,11084.99,0
3092,2189,44,Male,Hyderabad,Grocery,UPI,2025-03-08,680.38,0
2042,1154,35,Female,Chennai,Grocery,Credit Card,2025-03-08,500.24,1
2127,1398,54,Female,Ahmedabad,Sports,Debit Card,2025-03-08,2647.89,0
3770,1117,20,Male,Mumbai,Home & Furniture,Credit Card,2025-03-08,5578.15,0
133,1540,32,Female,Pune,Grocery,Net Banking,2025-03-08,956.43,1
2837,1785,39,Female,Mumbai,Electronics,UPI,2025-03-09,8834.0,1
1968,1858,39,Male,Mumbai,Home & Furniture,Credit Card,2025-03-09,3782.95,1
3184,1539,44,Male,Ahmedabad,Grocery,UPI,2025-03-09,1036.66,0
1754,1664,41,Female,Mumbai,Fashion,UPI,2025-03-09,3666.17,1
2107,1855,58,Female,Hyderabad,Beauty,UPI,2025-03-10,2596.15,1
3959,1229,28,Female,Delhi,Electronics,UPI,2025-03-10,9254.15,0
2145,1835,34,Female,Kolkata,Fashion,UPI,2025-03-10,2191.44,0
1144,2171,32,Female,Mumbai,Electronics,Debit Card,2025-03-10,6009.64,1
3592,1082,59,Female,Pune,Beauty,Credit Card,2025-03-11,928.59,1
2432,2177,54,Male,Bangalore,Electronics,Net Banking,2025-03-11,8791.56,1
3679,1987,43,Male,Hyderabad,Home & Furniture,UPI,2025-03-11,10167.98,0
228,2135,62,Female,Mumbai,Electronics,UPI,2025-03-11,9251.96,1
615,1708,31,Female,Mumbai,Fashion,UPI,2025-03-11,3314.03,0
1252,1388,36,Female,Mumbai,Fashion,Credit Card,2025-03-11,1466.67,0
2415,1841,43,Male,Pune,Fashion,Credit Card,2025-03-11,1847.7,0
1771,2014,24,Female,Kolkata,Home & Furniture,Credit Card,2025-03-12,7934.48,1
1506,1224,40,Female,Delhi,Grocery,UPI,2025-03-12,1325.43,1
1466,2176,19,Female,Chennai,Electronics,Credit Card,2025-03-13,10441.49,0
2057,1212,53,Male,Delhi,Fashion,UPI,2025-03-13,2988.57,0
1177,1975,54,Male,Delhi,Books,Credit Card,2025-03-13,469.22,1
2067,1699,31,Male,Hyderabad,Fashion,UPI,2025-03-13,2012.59,1
2094,2033,24,Male,Mumbai,Home & Furniture,Credit Card,2025-03-13,2600.82,0
914,1871,36,Male,Delhi,Sports,COD,2025-03-13,3806.78,0
2693,1652,19,Male,Ahmedabad,Fashion,Debit Card,2025-03-13,2206.53,1
288,1927,41,Male,Mumbai,Fashion,COD,2025-03-14,1700.57,1
2936,1719,20,Male,Delhi,Fashion,Debit Card,2025-03-14,2898.25,1
1720,1970,36,Female,Delhi,Electronics,UPI,2025-03-14,10839.63,1
2329,1546,51,Male,Bangalore,Home & Furniture,Debit Card,2025-03-14,3580.37,0
3849,1833,51,Female,Bangalore,Books,Net Banking,2025-03-14,1154.54,1
2826,1910,52,Female,Kolkata,Electronics,UPI,2025-03-14,6495.54,0
1348,1362,31,Male,Delhi,Grocery,Debit Card,2025-03-14,1219.8,0
3310,1960,52,Male,Bangalore,Grocery,UPI,2025-03-15,1771.5,1
1324,1453,60,Female,Ahmedabad,Fashion,Credit Card,2025-03-15,1110.43,1
1910,1632,59,Female,Delhi,Fashion,UPI,2025-03-15,1884.81,1
1293,2043,61,Female,Bangalore,Beauty,UPI,2025-03-15,3306.99,1
1292,2122,23,Female,Hyderabad,Home & Furniture,Debit Card,2025-03-15,5276.04,0
704,1837,26,Female,Ahmedabad,Fashion,UPI,2025-03-15,1502.82,1
3426,2119,35,Female,Hyderabad,Grocery,Credit Card,2025-03-15,1111.1,1
620,1713,57,Female,Kolkata,Grocery,UPI,2025-03-15,1980.93,0
1064,2022,26,Female,Chennai,Grocery,Net Banking,2025-03-15,509.73,1
3249,1153,42,Female,Bangalore,Grocery,UPI,2025-03-15,1265.57,1
2832,1169,26,Male,Bangalore,Grocery,UPI,2025-03-15,1160.1,0
211,1452,30,Male,Pune,Grocery,Credit Card,2025-03-16,922.74,1
2517,1929,38,Female,Delhi,Fashion,Debit Card,2025-03-16,1299.48,1
2364,1249,27,Male,Mumbai,Home & Furniture,UPI,2025-03-16,4980.48,1
660,1097,22,Male,Hyderabad,Sports,UPI,2025-03-16,1566.01,0
285,1190,32,Male,Kolkata,Electronics,Debit Card,2025-03-16,17593.43,1
155,1441,53,Male,Delhi,Fashion,UPI,2025-03-16,2383.77,1
1015,2136,62,Male,Bangalore,Grocery,Credit Card,2025-03-16,936.97,1
2465,1507,51,Female,Mumbai,Electronics,Credit Card,2025-03-17,7851.85,0
1174,1660,63,Female,Bangalore,Electronics,UPI,2025-03-17,12149.7,1
952,1660,51,Male,Hyderabad,Electronics,UPI,2025-03-17,8421.2,1
822,1844,35,Female,Pune,Grocery,Credit Card,2025-03-17,1040.87,1
3986,1165,36,Male,Pune,Electronics,Credit Card,2025-03-17,9799.55,1
758,1536,60,Female,Hyderabad,Electronics,Credit Card,2025-03-17,8271.02,1
2154,1651,27,Male,Kolkata,Electronics,Credit Card,2025-03-17,6043.09,1
1742,1967,51,Female,Delhi,Books,UPI,2025-03-17,667.05,1
548,2172,64,Male,Delhi,Grocery,UPI,2025-03-17,1175.38,1
3090,1648,47,Female,Ahmedabad,Home & Furniture,Debit Card,2025-03-18,11317.96,1
2028,1399,19,Female,Kolkata,Beauty,Net Banking,2025-03-18,735.41,1
443,2020,33,Male,Kolkata,Electronics,Debit Card,2025-03-18,8433.74,0
978,1062,32,Female,Hyderabad,Fashion,Credit Card,2025-03-18,2103.8,1
2635,2039,41,Male,Chennai,Home & Furniture,Debit Card,2025-03-18,7148.23,0
3824,1658,60,Female,Mumbai,Fashion,Debit Card,2025-03-18,2353.84,1
174,1400,27,Female,Ahmedabad,Books,Net Banking,2025-03-18,798.25,1
991,2086,41,Male,Ahmedabad,Books,UPI,2025-03-18,1045.5,1
1830,1663,47,Male,Bangalore,Sports,Credit Card,2025-03-18,3751.03,0
2918,1771,48,Female,Delhi,Home & Furniture,UPI,2025-03-18,4386.97,1
113,1642,63,Female,Ahmedabad,Books,UPI,2025-03-18,1250.28,1
3094,2123,24,Male,Hyderabad,Grocery,Credit Card,2025-03-18,895.32,1
3063,1174,54,Male,Bangalore,Beauty,UPI,2025-03-19,1462.42,1
2762,1453,57,Male,Bangalore,Fashion,COD,2025-03-19,2033.57,0
2992,1903,64,Female,Chennai,Electronics,Credit Card,2025-03-20,10112.87,0
2242,1208,31,Female,Hyderabad,Electronics,UPI,2025-03-20,10530.46,0
691,1359,22,Female,Bangalore,Sports,COD,2025-03-20,2667.95,0
875,1197,49,Male,Hyderabad,Electronics,UPI,2025-03-20,9122.01,1
3429,1406,33,Male,Bangalore,Fashion,Net Banking,2025-03-20,3358.58,1
3931,1922,52,Male,Delhi,Fashion,Net Banking,2025-03-20,2327.8,0
28,1699,44,Male,Chennai,Home & Furniture,Debit Card,2025-03-20,8607.77,1
3079,2023,47,Male,Bangalore,Home & Furniture,UPI,2025-03-21,7141.95,1
1532,1250,60,Female,Bangalore,Grocery,UPI,2025-03-21,1062.06,0
2733,1858,48,Male,Hyderabad,Fashion,COD,2025-03-21,2196.34,1
921,1301,20,Male,Pune,Grocery,UPI,2025-03-21,1046.17,0
139,1681,25,Male,Hyderabad,Beauty,Net Banking,2025-03-21,1525.63,1
3477,2118,40,Male,Hyderabad,Electronics,UPI,2025-03-21,9872.42,1
1422,1515,58,Male,Bangalore,Home & Furniture,Debit Card,2025-03-21,9284.27,1
1732,1710,45,Male,Chennai,Electronics,Credit Card,2025-03-21,6446.45,0
1288,1053,40,Male,Delhi,Fashion,Credit Card,2025-03-21,2109.66,1
54,1205,63,Male,Mumbai,Beauty,UPI,2025-03-21,1298.51,0
2531,1475,56,Male,Mumbai,Fashion,UPI,2025-03-21,1553.64,0
1539,1021,40,Male,Bangalore,Books,Credit Card,2025-03-22,848.52,0
1876,1647,37,Male,Hyderabad,Beauty,Credit Card,2025-03-22,1941.43,0
1321,1327,35,Female,Ahmedabad,Sports,Debit Card,2025-03-22,3930.87,0
1175,2104,29,Male,Chennai,Electronics,Credit Card,2025-03-22,8876.92,0
3391,1205,35,Female,Hyderabad,Grocery,Debit Card,2025-03-22,871.44,1
2566,1854,21,Female,Ahmedabad,Grocery,UPI,2025-03-22,743.57,0
2922,2071,55,Male,Mumbai,Electronics,UPI,2025-03-22,14456.0,1
701,1603,30,Male,Pune,Beauty,UPI,2025-03-23,1436.06,1
1692,1310,34,Male,Bangalore,Books,UPI,2025-03-23,726.63,1
3560,1072,49,Female,Chennai,Home & Furniture,UPI,2025-03-23,5672.67,0
3107,1821,26,Female,Kolkata,Electronics,UPI,2025-03-23,9875.02,1
1777,1714,21,Female,Delhi,Electronics,UPI,2025-03-23,7642.97,1
185,1186,59,Male,Pune,Electronics,UPI,2025-03-23,11570.11,1
1661,1197,63,Male,Kolkata,Electronics,Credit Card,2025-03-23,9703.16,1
3287,1348,30,Male,Hyderabad,Grocery,Debit Card,2025-03-23,1489.19,0
254,1562,49,Male,Delhi,Fashion,Credit Card,2025-03-23,2971.17,1
3175,1470,54,Male,Pune,Electronics,UPI,2025-03-24,3887.82,1
3304,1115,18,Male,Ahmedabad,Fashion,COD,2025-03-24,2488.26,1
631,1880,48,Male,Chennai,Sports,UPI,2025-03-24,2678.28,0
402,2123,52,Female,Mumbai,Fashion,Credit Card,2025-03-25,2468.02,1
1605,1939,18,Male,Hyderabad,Home & Furniture,Net Banking,2025-03-25,9764.09,0
1019,1924,38,Male,Bangalore,Electronics,UPI,2025-03-25,8442.77,1
3047,1611,55,Female,Delhi,Fashion,UPI,2025-03-25,1294.77,1
760,1024,64,Male,Pune,Fashion,UPI,2025-03-26,755.67,1
898,1227,48,Male,Mumbai,Beauty,Debit Card,2025-03-26,1622.47,0
3805,1170,35,Female,Chennai,Home & Furniture,UPI,2025-03-26,7638.16,1
610,1384,52,Male,Hyderabad,Beauty,Net Banking,2025-03-26,1974.66,1
904,1046,18,Male,Ahmedabad,Electronics,Debit Card,2025-03-26,4673.82,1
173,1122,55,Male,Chennai,Electronics,Debit Card,2025-03-26,13625.93,1
1418,1946,34,Male,Mumbai,Grocery,UPI,2025-03-27,1473.37,1
1894,2153,63,Male,Mumbai,Beauty,UPI,2025-03-27,1388.41,1
2570,1441,25,Male,Ahmedabad,Electronics,UPI,2025-03-27,7496.87,0
2155,1769,62,Female,Hyderabad,Fashion,Debit Card,2025-03-27,2430.74,0
1704,2024,28,Female,Delhi,Grocery,Net Banking,2025-03-27,855.97,1
3473,1658,30,Male,Hyderabad,Grocery,Debit Card,2025-03-27,1505.8,1
3699,1963,45,Male,Hyderabad,Grocery,Credit Card,2025-03-27,1287.22,1
2908,2125,35,Female,Ahmedabad,Fashion,Debit Card,2025-03-28,3875.7,1
3078,1539,19,Male,Delhi,Fashion,UPI,2025-03-28,2359.9,0
1339,1215,39,Male,Ahmedabad,Fashion,UPI,2025-03-28,4773.51,1
2051,1741,32,Female,Bangalore,Books,Credit Card,2025-03-28,872.75,1
2456,1678,35,Female,Delhi,Fashion,Debit Card,2025-03-28,1260.36,0
1781,1140,57,Female,Hyderabad,Sports,Debit Card,2025-03-28,2787.23,1
3170,1156,22,Female,Kolkata,Fashion,UPI,2025-03-28,2120.52,0
356,1635,60,Female,Hyderabad,Grocery,Net Banking,2025-03-28,1555.96,0
408,1515,35,Female,Delhi,Electronics,Credit Card,2025-03-29,5615.18,1
1474,2013,28,Male,Bangalore,Home & Furniture,UPI,2025-03-29,4694.05,1
719,2079,47,Male,Bangalore,Sports,UPI,2025-03-29,3705.35,1
3280,1321,63,Male,Delhi,Grocery,Credit Card,2025-03-29,1323.75,1
346,1876,25,Male,Pune,Fashion,Net Banking,2025-03-29,1637.82,1
1895,1726,50,Male,Hyderabad,Books,UPI,2025-03-30,1244.27,1
2781,1610,36,Female,Hyderabad,Books,Credit Card,2025-03-30,1209.32,1
3111,1226,20,Female,Kolkata,Home & Furniture,UPI,2025-03-30,3864.89,1
2897,1557,18,Male,Mumbai,Electronics,Debit Card,2025-03-30,7886.48,1
2657,1558,20,Male,Ahmedabad,Grocery,Credit Card,2025-03-30,603.69,0
3966,1798,35,Male,Pune,Grocery,UPI,2025-03-30,1270.02,0
3006,2046,30,Female,Pune,Fashion,Credit Card,2025-03-30,2701.21,0
91,1391,33,Female,Mumbai,Beauty,Debit Card,2025-03-30,887.48,1
1461,1692,42,Male,Delhi,Grocery,Credit Card,2025-03-30,894.14,0
2577,1392,22,Male,Bangalore,Beauty,COD,2025-03-31,944.0,1
1907,1617,49,Male,Kolkata,Fashion,Debit Card,2025-03-31,3157.86,0
3302,1273,51,Male,Bangalore,Electronics,UPI,2025-03-31,8386.42,0
2534,1189,40,Female,Pune,Grocery,Debit Card,2025-03-31,767.89,0
435,2021,57,Male,Mumbai,Electronics,Debit Card,2025-03-31,11946.14,0
1282,1824,53,Male,Pune,Electronics,UPI,2025-03-31,11262.78,0
306,1537,34,Female,Mumbai,Grocery,Debit Card,2025-03-31,2323.56,1
994,2164,29,Female,Kolkata,Beauty,Credit Card,2025-03-31,1984.44,0
3178,1392,48,Female,Bangalore,Fashion,Debit Card,2025-03-31,2023.07,1
3723,1108,56,Male,Mumbai,Home & Furniture,UPI,2025-04-01,7939.83,0
2251,2155,41,Female,Chennai,Fashion,Credit Card,2025-04-01,1199.99,0
3830,1541,36,Male,Mumbai,Electronics,Credit Card,2025-04-01,10574.43,1
2228,1230,60,Female,Bangalore,Books,Net Banking,2025-04-01,1188.63,0
935,1887,27,Female,Delhi,Electronics,COD,2025-04-01,9337.76,1
1797,1089,58,Male,Pune,Grocery,COD,2025-04-01,754.72,1
2068,1394,46,Male,Bangalore,Electronics,Debit Card,2025-04-01,8440.52,1
2045,1454,50,Female,Bangalore,Sports,Credit Card,2025-04-01,2086.3,0
168,2076,28,Male,Kolkata,Beauty,UPI,2025-04-01,1456.3,0
1233,1413,55,Female,Ahmedabad,Electronics,UPI,2025-04-02,7137.68,1
2378,1313,56,Female,Pune,Grocery,Net Banking,2025-04-02,991.37,1
2152,1369,46,Male,Kolkata,Books,Credit Card,2025-04-02,729.87,1
3055,1690,54,Male,Kolkata,Beauty,Net Banking,2025-04-02,1303.63,1
1112,1730,37,Female,Hyderabad,Fashion,UPI,2025-04-02,1261.46,1
1044,1164,44,Female,Hyderabad,Fashion,Debit Card,2025-04-02,2843.36,1
3312,2081,27,Female,Pune,Beauty,UPI,2025-04-02,1647.93,1
2528,1981,62,Male,Mumbai,Electronics,UPI,2025-04-03,15295.31,1
3501,1568,20,Male,Chennai,Beauty,Net Banking,2025-04-03,2299.05,0
154,2136,49,Male,Mumbai,Books,UPI,2025-04-03,960.6,1
742,1882,39,Female,Hyderabad,Electronics,Credit Card,2025-04-03,10834.47,1
895,1805,43,Male,Chennai,Grocery,Credit Card,2025-04-03,1051.3,0
1930,1799,47,Female,Kolkata,Electronics,COD,2025-04-03,21578.65,0
592,1797,60,Male,Hyderabad,Fashion,Credit Card,2025-04-03,1737.34,0
1350,2193,45,Female,Pune,Beauty,UPI,2025-04-03,1588.43,0
3567,1257,43,Male,Hyderabad,Fashion,UPI,2025-04-03,1657.85,0
2811,1575,46,Male,Mumbai,Fashion,Debit Card,2025-04-04,2170.7,1
2726,2132,31,Male,Delhi,Fashion,UPI,2025-04-04,2692.88,1
2702,1864,27,Female,Delhi,Electronics,Debit Card,2025-04-04,4013.28,1
2265,1940,40,Male,Delhi,Grocery,UPI,2025-04-04,715.52,0
3783,1140,62,Female,Chennai,Home & Furniture,UPI,2025-04-04,7535.75,0
1636,1843,62,Male,Kolkata,Home & Furniture,UPI,2025-04-04,6691.65,1
2537,1040,21,Female,Pune,Home & Furniture,UPI,2025-04-04,5257.86,1
44,1013,21,Female,Chennai,Electronics,Debit Card,2025-04-04,15254.69,0
1791,2167,58,Male,Delhi,Books,COD,2025-04-04,964.78,1
1796,1643,54,Female,Kolkata,Fashion,UPI,2025-04-05,1391.9,0
2944,1276,27,Female,Mumbai,Grocery,UPI,2025-04-05,1113.54,0
2104,1944,59,Male,Pune,Grocery,Debit Card,2025-04-05,801.93,1
2938,1479,46,Female,Pune,Grocery,Credit Card,2025-04-05,1814.89,1
3719,1828,19,Male,Delhi,Sports,COD,2025-04-05,3593.62,0
2940,1682,24,Male,Pune,Electronics,Credit Card,2025-04-05,6947.8,1
2017,2079,32,Female,Pune,Home & Furniture,Net Banking,2025-04-05,6143.18,1
2210,1702,33,Male,Chennai,Sports,UPI,2025-04-05,2299.85,1
3631,1060,23,Male,Ahmedabad,Fashion,Debit Card,2025-04-05,2506.05,0
2121,2040,39,Female,Delhi,Home & Furniture,Net Banking,2025-04-06,4343.81,1
87,1647,43,Male,Chennai,Fashion,Debit Card,2025-04-06,1553.66,1
290,1127,44,Male,Bangalore,Home & Furniture,COD,2025-04-06,6028.46,0
3311,1113,30,Male,Hyderabad,Fashion,Credit Card,2025-04-06,3312.79,0
3847,1684,52,Female,Hyderabad,Fashion,Debit Card,2025-04-07,922.09,0
207,1880,43,Female,Bangalore,Fashion,UPI,2025-04-07,1595.89,1
1068,1395,48,Male,Delhi,Books,Net Banking,2025-04-07,767.05,1
750,2038,28,Female,Hyderabad,Fashion,Credit Card,2025-04-07,1979.76,1
1505,1001,30,Female,Ahmedabad,Home & Furniture,UPI,2025-04-07,7148.37,0
1946,1834,38,Male,Kolkata,Grocery,COD,2025-04-07,884.87,1
2271,1525,20,Female,Mumbai,Fashion,Credit Card,2025-04-08,2687.84,1
2389,1160,39,Male,Bangalore,Fashion,Debit Card,2025-04-08,1913.09,1
3383,1419,52,Female,Hyderabad,Home & Furniture,UPI,2025-04-08,4890.5,0
3163,1728,38,Male,Chennai,Electronics,Debit Card,2025-04-08,8962.15,0
3510,1725,53,Female,Hyderabad,Electronics,UPI,2025-04-09,6487.53,1
474,1850,63,Female,Delhi,Fashion,UPI,2025-04-09,1543.16,1
1773,2140,62,Female,Mumbai,Home & Furniture,UPI,2025-04-09,3605.78,0
3856,1322,38,Male,Bangalore,Books,Debit Card,2025-04-09,550.81,0
259,1283,31,Male,Chennai,Fashion,Credit Card,2025-04-09,1705.6,1
1627,1260,47,Male,Delhi,Fashion,Debit Card,2025-04-09,1373.33,0
891,1597,28,Male,Delhi,Electronics,UPI,2025-04-09,10378.47,1
278,1301,59,Female,Mumbai,Books,COD,2025-04-09,698.33,0
1984,1482,32,Male,Kolkata,Electronics,UPI,2025-04-10,6531.48,1
3307,2114,21,Female,Bangalore,Electronics,UPI,2025-04-10,10967.46,0
3272,2067,18,Male,Delhi,Grocery,Net Banking,2025-04-10,1071.95,1
567,2145,48,Female,Kolkata,Fashion,UPI,2025-04-11,4751.2,1
2527,1724,38,Male,Hyderabad,Electronics,Net Banking,2025-04-11,11146.29,1
2843,1430,18,Female,Mumbai,Grocery,UPI,2025-04-11,1434.72,1
3837,1533,56,Female,Hyderabad,Fashion,COD,2025-04-11,3634.52,1
3755,1415,18,Female,Chennai,Beauty,UPI,2025-04-11,1973.76,1
968,1938,19,Female,Delhi,Home & Furniture,Credit Card,2025-04-11,4144.83,0
3147,1518,26,Female,Hyderabad,Grocery,Debit Card,2025-04-12,1840.25,1
3242,2162,24,Male,Ahmedabad,Home & Furniture,UPI,2025-04-12,6908.43,1
1935,1737,35,Male,Hyderabad,Grocery,Credit Card,2025-04-12,1244.21,0
2692,1748,51,Male,Kolkata,Electronics,UPI,2025-04-12,6980.99,1
1807,1951,48,Female,Delhi,Sports,Credit Card,2025-04-13,6405.96,0
2902,1619,22,Female,Mumbai,Electronics,Debit Card,2025-04-13,4242.11,0
3771,1411,37,Female,Kolkata,Beauty,Credit Card,2025-04-13,1967.82,1
423,1284,48,Male,Bangalore,Grocery,COD,2025-04-13,890.41,1
1296,1849,39,Female,Mumbai,Beauty,Credit Card,2025-04-13,2238.57,1
144,2051,28,Male,Kolkata,Grocery,UPI,2025-04-13,1132.11,0
3609,1072,52,Male,Hyderabad,Fashion,Debit Card,2025-04-13,1937.68,0
1868,1287,51,Female,Mumbai,Beauty,Debit Card,2025-04-13,1300.91,0
3538,1386,36,Female,Mumbai,Electronics,Debit Card,2025-04-13,9087.32,1
648,1400,52,Male,Bangalore,Sports,Credit Card,2025-04-14,3589.19,1
1207,1994,45,Male,Mumbai,Home & Furniture,Credit Card,2025-04-14,7534.43,1
1815,2141,23,Male,Bangalore,Books,UPI,2025-04-14,650.07,1
1123,1129,39,Female,Kolkata,Home & Furniture,COD,2025-04-14,7383.38,0
522,1713,56,Female,Ahmedabad,Books,COD,2025-04-14,1032.01,1
2763,1666,20,Male,Kolkata,Electronics,COD,2025-04-15,19238.0,0
2896,2043,42,Female,Ahmedabad,Sports,UPI,2025-04-15,3178.37,0
1518,1993,57,Male,Hyderabad,Grocery,UPI,2025-04-15,1052.67,0
3234,1862,60,Female,Bangalore,Grocery,UPI,2025-04-15,1706.52,0
1045,1181,40,Male,Mumbai,Sports,Credit Card,2025-04-15,4037.03,1
1858,1769,52,Male,Chennai,Home & Furniture,Credit Card,2025-04-15,9714.69,0
3326,1587,50,Female,Kolkata,Electronics,Debit Card,2025-04-15,6312.23,0
1254,1002,60,Male,Mumbai,Home & Furniture,UPI,2025-04-15,7268.56,0
3974,1252,29,Female,Bangalore,Electronics,Credit Card,2025-04-15,8979.33,1
1371,1016,45,Female,Chennai,Books,Credit Card,2025-04-15,544.8,1
2965,2150,54,Female,Hyderabad,Fashion,UPI,2025-04-15,1796.01,0
696,1671,39,Male,Delhi,Fashion,Debit Card,2025-04-15,1312.13,0
3948,1404,60,Female,Chennai,Beauty,COD,2025-04-15,1707.95,1
1211,1130,63,Female,Kolkata,Electronics,UPI,2025-04-16,10083.05,0
806,2049,63,Female,Kolkata,Fashion,UPI,2025-04-16,3836.05,0
1073,2076,44,Female,Bangalore,Fashion,UPI,2025-04-16,1948.98,1
3329,2132,19,Male,Pune,Grocery,Net Banking,2025-04-16,730.95,0
2199,1212,29,Female,Pune,Sports,UPI,2025-04-16,1395.9,1
3256,1847,42,Female,Chennai,Beauty,UPI,2025-04-16,1266.51,1
1148,1200,43,Female,Chennai,Beauty,UPI,2025-04-16,2108.42,1
1389,1915,20,Female,Mumbai,Fashion,Debit Card,2025-04-16,3293.88,0
3220,1445,46,Female,Chennai,Electronics,UPI,2025-04-16,8512.5,1
695,1092,52,Female,Chennai,Electronics,COD,2025-04-16,14410.47,1
605,1794,41,Male,Hyderabad,Fashion,COD,2025-04-16,3647.53,0
1564,1311,45,Female,Delhi,Fashion,UPI,2025-04-17,2074.47,1
1257,1323,31,Female,Hyderabad,Home & Furniture,Net Banking,2025-04-17,11444.28,1
331,1569,26,Female,Bangalore,Beauty,COD,2025-04-17,1869.86,1
1439,1302,49,Female,Ahmedabad,Electronics,COD,2025-04-17,7012.55,0
3809,1793,43,Male,Bangalore,Home & Furniture,Credit Card,2025-04-17,5675.77,0
284,2139,18,Male,Mumbai,Home & Furniture,Credit Card,2025-04-17,8575.74,1
145,1189,63,Female,Hyderabad,Grocery,UPI,2025-04-17,1028.13,0
3937,1886,47,Male,Chennai,Beauty,UPI,2025-04-17,2093.16,1
110,1725,32,Female,Bangalore,Beauty,UPI,2025-04-17,2057.65,1
2704,1340,55,Male,Bangalore,Grocery,UPI,2025-04-17,1028.17,1
3553,2131,36,Male,Hyderabad,Electronics,Debit Card,2025-04-17,8674.01,0
1793,1669,59,Female,Hyderabad,Home & Furniture,Debit Card,2025-04-18,6457.62,1
1550,2035,44,Male,Bangalore,Electronics,Credit Card,2025-04-18,7104.61,1
1852,1968,42,Male,Mumbai,Beauty,COD,2025-04-18,1785.91,0
25,1474,49,Female,Chennai,Grocery,Debit Card,2025-04-18,1023.62,1
1120,1980,60,Female,Hyderabad,Grocery,COD,2025-04-18,1479.2,0
1662,1484,26,Male,Hyderabad,Electronics,UPI,2025-04-19,5794.01,1
2233,2036,50,Male,Bangalore,Home & Furniture,Debit Card,2025-04-19,3702.38,1
2581,1645,29,Female,Hyderabad,Sports,Net Banking,2025-04-20,1633.38,0
2075,1623,51,Female,Chennai,Home & Furniture,Debit Card,2025-04-20,4455.33,1
1921,1629,30,Male,Mumbai,Home & Furniture,UPI,2025-04-20,5216.65,1
1185,1710,49,Male,Delhi,Electronics,UPI,2025-04-20,5628.63,1
2620,1264,41,Male,Delhi,Grocery,Debit Card,2025-04-20,1256.32,1
1345,1570,38,Female,Delhi,Home & Furniture,UPI,2025-04-20,8557.87,0
3786,1092,42,Female,Chennai,Grocery,Credit Card,2025-04-21,1484.07,1
1459,1348,30,Male,Mumbai,Fashion,UPI,2025-04-21,7725.26,0
415,1159,21,Female,Hyderabad,Home & Furniture,Debit Card,2025-04-21,2564.58,0
1756,2156,43,Male,Hyderabad,Grocery,COD,2025-04-21,1276.77,0
2370,1671,59,Female,Pune,Grocery,Debit Card,2025-04-21,1420.68,1
2782,1374,24,Male,Bangalore,Home & Furniture,Net Banking,2025-04-21,4412.66,1
458,1866,40,Male,Mumbai,Electronics,Net Banking,2025-04-21,13783.54,1
442,1728,44,Male,Chennai,Grocery,Credit Card,2025-04-21,1627.27,1
2250,1131,31,Male,Chennai,Beauty,Credit Card,2025-04-22,1224.91,1
3496,1330,51,Female,Mumbai,Electronics,UPI,2025-04-22,12484.58,1
2817,1925,35,Male,Hyderabad,Beauty,UPI,2025-04-22,1349.12,1
140,1556,57,Male,Hyderabad,Home & Furniture,Credit Card,2025-04-23,6160.04,1
3867,1095,57,Female,Delhi,Electronics,COD,2025-04-23,7747.22,1
1712,2184,41,Male,Hyderabad,Sports,Debit Card,2025-04-23,1929.82,1
219,2154,52,Female,Hyderabad,Sports,Debit Card,2025-04-23,4198.56,1
1994,2196,46,Male,Ahmedabad,Fashion,UPI,2025-04-23,2578.67,0
1210,2121,33,Male,Chennai,Sports,Debit Card,2025-04-23,3403.64,1
3376,1390,48,Male,Chennai,Electronics,Net Banking,2025-04-23,5579.38,0
3511,1196,19,Male,Kolkata,Grocery,Credit Card,2025-04-23,1088.66,0
1103,1933,50,Male,Pune,Fashion,COD,2025-04-24,2304.99,0
1814,1886,32,Female,Hyderabad,Fashion,Debit Card,2025-04-24,2038.04,0
385,1696,55,Male,Hyderabad,Home & Furniture,UPI,2025-04-24,5681.76,1
3129,1540,35,Male,Delhi,Electronics,Debit Card,2025-04-24,4750.22,0
2700,1403,56,Male,Bangalore,Electronics,UPI,2025-04-24,10805.76,1
3433,1762,59,Male,Bangalore,Electronics,Debit Card,2025-04-24,10742.16,0
1016,1113,33,Male,Delhi,Fashion,Credit Card,2025-04-24,2309.29,0
1977,1832,47,Female,Delhi,Electronics,UPI,2025-04-24,11440.25,0
239,1800,25,Male,Bangalore,Electronics,UPI,2025-04-24,6896.17,1
293,1569,63,Female,Delhi,Fashion,Net Banking,2025-04-25,2514.02,1
246,1687,47,Male,Mumbai,Grocery,Credit Card,2025-04-25,2076.68,1
2405,1528,45,Male,Mumbai,Electronics,Credit Card,2025-04-25,12955.47,0
2798,1439,34,Female,Bangalore,Home & Furniture,COD,2025-04-25,6754.96,0
3487,1450,35,Female,Bangalore,Grocery,Net Banking,2025-04-25,951.08,0
3009,2033,57,Female,Bangalore,Home & Furniture,Net Banking,2025-04-25,5243.42,0
3247,1869,63,Female,Hyderabad,Electronics,Debit Card,2025-04-25,5655.2,1
3700,1068,62,Male,Kolkata,Home & Furniture,UPI,2025-04-26,7260.92,0
57,2021,50,Male,Bangalore,Sports,UPI,2025-04-26,3971.51,1
1171,1011,29,Female,Chennai,Fashion,Credit Card,2025-04-26,1632.74,1
1649,1155,64,Female,Mumbai,Fashion,Net Banking,2025-04-26,4043.09,1
2978,1082,23,Male,Bangalore,Fashion,Credit Card,2025-04-27,2259.21,0
3299,1628,32,Female,Delhi,Books,Net Banking,2025-04-27,440.51,1
323,1833,32,Male,Hyderabad,Fashion,COD,2025-04-27,2750.74,1
3977,2011,31,Male,Bangalore,Home & Furniture,Credit Card,2025-04-27,5796.36,0
3773,1136,22,Male,Mumbai,Home & Furniture,UPI,2025-04-27,9054.72,0
3370,1180,43,Female,Delhi,Books,Credit Card,2025-04-27,406.68,1
1540,1409,44,Male,Hyderabad,Electronics,Net Banking,2025-04-28,5786.51,1
1987,2140,20,Female,Mumbai,Electronics,UPI,2025-04-28,6853.89,1
3139,1103,55,Male,Hyderabad,Beauty,Net Banking,2025-04-28,1216.44,1
2505,1574,30,Female,Delhi,Beauty,UPI,2025-04-28,734.19,1
2686,1361,36,Female,Mumbai,Beauty,UPI,2025-04-28,1419.87,1
3292,1545,41,Male,Bangalore,Home & Furniture,COD,2025-04-28,10087.68,0
2947,1056,34,Female,Chennai,Home & Furniture,Credit Card,2025-04-28,6993.39,0
2628,1221,39,Male,Chennai,Fashion,Credit Card,2025-04-28,941.56,1
2633,2150,40,Male,Delhi,Grocery,UPI,2025-04-28,2390.05,0
3834,1383,40,Male,Mumbai,Electronics,UPI,2025-04-28,12156.69,1
693,1280,39,Male,Delhi,Fashion,UPI,2025-04-28,2704.97,1
1463,1898,35,Male,Mumbai,Sports,Debit Card,2025-04-28,2953.58,0
857,2065,61,Male,Hyderabad,Grocery,COD,2025-04-28,1290.04,0
2437,1375,63,Male,Delhi,Electronics,UPI,2025-04-28,16779.2,1
2664,1231,61,Female,Hyderabad,Sports,Credit Card,2025-04-28,2184.45,1
3106,1487,36,Male,Delhi,Fashion,UPI,2025-04-28,1707.52,1
3440,1244,55,Male,Mumbai,Books,UPI,2025-04-28,513.39,0
1486,1165,60,Female,Pune,Electronics,Credit Card,2025-04-28,3642.14,1
3077,1870,45,Male,Mumbai,Beauty,COD,2025-04-29,1457.31,1
525,1172,64,Male,Mumbai,Beauty,UPI,2025-04-29,2259.83,1
2611,1942,22,Female,Mumbai,Books,Credit Card,2025-04-29,542.11,0
1401,2143,24,Female,Kolkata,Beauty,COD,2025-04-29,1116.3,1
1942,1769,21,Female,Ahmedabad,Home & Furniture,COD,2025-04-29,5269.69,1
287,1980,34,Female,Mumbai,Grocery,UPI,2025-04-29,969.65,0
773,1612,64,Female,Mumbai,Fashion,UPI,2025-04-29,2648.11,1
1603,1751,33,Male,Pune,Beauty,UPI,2025-04-29,2805.92,1
684,1125,34,Male,Kolkata,Home & Furniture,Debit Card,2025-04-29,5862.59,1
1741,1866,27,Male,Hyderabad,Fashion,UPI,2025-04-29,4695.85,0
1567,1923,58,Female,Pune,Home & Furniture,UPI,2025-04-29,4928.79,0
3320,1708,24,Male,Mumbai,Beauty,Credit Card,2025-04-29,1304.17,1
2869,2134,26,Female,Delhi,Grocery,UPI,2025-04-29,687.57,1
3583,1024,56,Female,Bangalore,Books,COD,2025-04-29,845.06,1
2130,1562,58,Female,Delhi,Home & Furniture,UPI,2025-04-29,3713.27,0
2976,1187,30,Male,Chennai,Books,UPI,2025-04-30,705.71,1
2994,1631,20,Female,Pune,Electronics,UPI,2025-04-30,11724.68,0
2386,1383,55,Male,Ahmedabad,Sports,UPI,2025-04-30,3407.42,1
424,1396,41,Female,Bangalore,Books,UPI,2025-04-30,445.3,1
748,1805,59,Female,Bangalore,Fashion,Credit Card,2025-04-30,2951.82,1
2444,2000,28,Male,Hyderabad,Fashion,COD,2025-04-30,1801.81,1
1086,1520,46,Female,Hyderabad,Home & Furniture,Debit Card,2025-04-30,4052.68,1
2680,1213,62,Female,Delhi,Sports,UPI,2025-04-30,2453.4,1
581,1731,23,Female,Bangalore,Beauty,Credit Card,2025-04-30,3267.63,1
2796,2141,35,Female,Bangalore,Fashion,COD,2025-05-01,1376.82,0
2421,1587,40,Female,Chennai,Home & Furniture,Credit Card,2025-05-01,8821.89,0
2739,1989,45,Female,Pune,Sports,Credit Card,2025-05-01,4072.14,0
2062,1671,50,Male,Delhi,Beauty,UPI,2025-05-01,1429.26,0
2498,1965,49,Male,Hyderabad,Home & Furniture,COD,2025-05-01,6370.86,1
388,2008,55,Male,Delhi,Grocery,Credit Card,2025-05-01,699.44,1
31,1957,28,Female,Mumbai,Grocery,COD,2025-05-01,1062.53,0
2160,1891,54,Female,Chennai,Sports,UPI,2025-05-01,1265.45,1
2105,1078,29,Male,Ahmedabad,Books,UPI,2025-05-01,690.31,1
2117,1086,30,Female,Mumbai,Home & Furniture,Debit Card,2025-05-01,6996.78,1
2652,2031,33,Male,Delhi,Fashion,UPI,2025-05-02,1832.15,1
1491,1778,29,Male,Pune,Fashion,UPI,2025-05-02,2491.57,1
3924,1194,25,Male,Bangalore,Fashion,UPI,2025-05-02,3347.96,1
2093,2120,27,Male,Bangalore,Home & Furniture,Debit Card,2025-05-02,3966.31,1
1707,2092,36,Female,Mumbai,Fashion,UPI,2025-05-02,4218.29,0
2375,1895,38,Female,Bangalore,Fashion,UPI,2025-05-02,3002.64,1
2950,1263,22,Female,Chennai,Fashion,Credit Card,2025-05-02,2774.81,0
2380,2105,41,Female,Delhi,Grocery,UPI,2025-05-03,1128.08,1
1243,1244,43,Male,Pune,Electronics,UPI,2025-05-03,8276.2,1
3736,1894,19,Female,Chennai,Electronics,Credit Card,2025-05-03,11765.58,0
2368,2093,53,Male,Hyderabad,Electronics,UPI,2025-05-03,8897.17,1
3193,1460,50,Male,Delhi,Beauty,UPI,2025-05-03,689.12,1
2330,1921,58,Male,Pune,Electronics,Credit Card,2025-05-03,9275.92,0
3020,1702,51,Male,Delhi,Fashion,COD,2025-05-03,1691.31,1
3041,2180,28,Male,Kolkata,Grocery,Net Banking,2025-05-04,826.28,1
2941,1905,30,Male,Ahmedabad,Electronics,UPI,2025-05-04,21030.66,0
1737,1304,62,Male,Ahmedabad,Electronics,COD,2025-05-04,5580.04,0
1484,1337,58,Female,Bangalore,Beauty,UPI,2025-05-04,1686.48,1
1366,1355,46,Male,Delhi,Electronics,Debit Card,2025-05-04,4685.03,1
589,1449,61,Male,Mumbai,Beauty,Debit Card,2025-05-04,1012.61,0
797,1645,27,Male,Delhi,Electronics,UPI,2025-05-04,5003.94,1
3155,1622,38,Female,Kolkata,Electronics,Credit Card,2025-05-04,16010.94,0
1724,1396,47,Male,Delhi,Grocery,UPI,2025-05-04,628.55,1
2777,1920,26,Male,Hyderabad,Beauty,UPI,2025-05-05,1299.67,0
575,1739,43,Female,Pune,Sports,Debit Card,2025-05-05,3387.83,0
2886,1163,60,Female,Hyderabad,Grocery,Credit Card,2025-05-05,1236.6,1
422,2066,29,Male,Delhi,Beauty,Credit Card,2025-05-05,1061.28,1
802,1573,20,Male,Hyderabad,Fashion,COD,2025-05-05,1725.24,1
1441,1083,26,Female,Hyderabad,Grocery,UPI,2025-05-05,980.26,0
1597,1529,51,Female,Delhi,Sports,Credit Card,2025-05-05,2770.03,1
2234,1499,43,Female,Bangalore,Electronics,UPI,2025-05-05,5003.36,1
3253,1124,40,Male,Mumbai,Electronics,UPI,2025-05-05,8869.56,1
2962,1187,52,Male,Pune,Sports,UPI,2025-05-05,1986.51,1
3028,1872,19,Female,Mumbai,Fashion,UPI,2025-05-06,3349.8,0
218,1207,24,Male,Pune,Sports,UPI,2025-05-06,1823.94,1
83,1014,37,Female,Mumbai,Sports,COD,2025-05-06,2833.82,1
2183,2021,43,Female,Kolkata,Home & Furniture,Net Banking,2025-05-06,6739.22,0
3539,1777,40,Female,Kolkata,Grocery,UPI,2025-05-06,1368.68,0
1131,1675,25,Female,Delhi,Fashion,UPI,2025-05-06,3780.96,1
2106,1955,33,Female,Hyderabad,Fashion,Credit Card,2025-05-06,3121.72,0
2953,1541,26,Male,Hyderabad,Beauty,Debit Card,2025-05-06,1547.67,0
2455,1773,36,Female,Chennai,Electronics,UPI,2025-05-06,7586.55,1
1674,1216,26,Female,Delhi,Grocery,Credit Card,2025-05-07,1105.01,1
3196,2006,38,Male,Hyderabad,Electronics,UPI,2025-05-07,10386.93,1
3790,1244,64,Female,Mumbai,Electronics,UPI,2025-05-07,11213.12,1
664,1446,61,Male,Hyderabad,Home & Furniture,Debit Card,2025-05-07,6796.39,1
3334,1551,37,Female,Bangalore,Beauty,Net Banking,2025-05-07,628.35,1
884,1549,33,Male,Bangalore,Grocery,UPI,2025-05-07,997.48,0
1277,1563,28,Female,Bangalore,Electronics,UPI,2025-05-07,7049.05,1
2083,1104,48,Female,Chennai,Fashion,UPI,2025-05-07,1728.55,1
1655,2043,62,Female,Kolkata,Sports,Net Banking,2025-05-07,2815.69,1
1647,1164,32,Male,Pune,Home & Furniture,Debit Card,2025-05-07,7683.89,1
2606,2086,32,Female,Mumbai,Books,COD,2025-05-08,919.95,0
3985,1597,32,Male,Hyderabad,Fashion,Credit Card,2025-05-08,2408.19,1
2640,1267,64,Female,Hyderabad,Electronics,UPI,2025-05-08,6320.44,1
43,1315,24,Female,Kolkata,Books,Credit Card,2025-05-08,873.0,0
593,1876,64,Female,Ahmedabad,Home & Furniture,Debit Card,2025-05-08,5175.31,1
1703,1800,35,Female,Delhi,Sports,Credit Card,2025-05-08,2973.19,1
754,2062,43,Male,Chennai,Grocery,Credit Card,2025-05-08,1080.45,0
395,1473,30,Male,Ahmedabad,Home & Furniture,Debit Card,2025-05-08,8934.44,1
1553,1121,26,Male,Pune,Home & Furniture,Debit Card,2025-05-08,9710.65,1
1326,1972,61,Male,Hyderabad,Home & Furniture,Credit Card,2025-05-09,10838.72,1
2767,1257,62,Male,Mumbai,Fashion,Net Banking,2025-05-09,1221.73,1
452,2008,40,Male,Delhi,Fashion,UPI,2025-05-09,1505.72,1
1535,1458,32,Female,Bangalore,Books,Debit Card,2025-05-09,704.07,1
1622,2168,60,Male,Delhi,Sports,Debit Card,2025-05-09,4580.25,0
1214,1935,62,Female,Delhi,Sports,Net Banking,2025-05-09,3143.98,1
115,1502,56,Male,Chennai,Electronics,UPI,2025-05-09,9344.01,1
874,2062,48,Male,Mumbai,Home & Furniture,COD,2025-05-10,2460.9,1
3447,1064,25,Female,Bangalore,Home & Furniture,UPI,2025-05-10,3436.87,1
1571,1092,23,Female,Kolkata,Books,UPI,2025-05-10,610.82,0
1592,1931,62,Male,Bangalore,Home & Furniture,Credit Card,2025-05-11,6223.82,0
1654,1510,59,Female,Bangalore,Home & Furniture,Credit Card,2025-05-11,9656.73,1
992,1560,31,Female,Hyderabad,Home & Furniture,Debit Card,2025-05-11,4527.46,1
1134,1806,43,Male,Hyderabad,Home & Furniture,Credit Card,2025-05-11,9060.47,0
3971,1364,52,Male,Hyderabad,Books,UPI,2025-05-11,1323.12,0
1755,1011,28,Male,Hyderabad,Fashion,UPI,2025-05-11,2082.95,0
1101,1041,25,Male,Kolkata,Beauty,UPI,2025-05-11,895.5,0
2860,1941,35,Male,Kolkata,Home & Furniture,Net Banking,2025-05-11,5545.41,1
2720,1000,55,Male,Pune,Sports,Net Banking,2025-05-12,4229.01,1
651,1918,55,Female,Chennai,Electronics,COD,2025-05-12,12961.44,0
3402,1031,59,Male,Delhi,Sports,UPI,2025-05-12,5783.52,1
1949,1405,26,Male,Pune,Sports,UPI,2025-05-12,1327.37,0
2137,1367,41,Female,Ahmedabad,Sports,Debit Card,2025-05-12,1839.31,1
990,1475,35,Female,Hyderabad,Grocery,UPI,2025-05-12,1216.13,1
1308,1951,47,Female,Delhi,Sports,Net Banking,2025-05-12,5459.54,1
3131,1408,52,Male,Mumbai,Electronics,UPI,2025-05-12,7744.72,1
295,1625,25,Female,Hyderabad,Sports,COD,2025-05-13,2432.02,0
90,1592,37,Female,Hyderabad,Fashion,Credit Card,2025-05-13,1150.85,1
2266,2043,34,Male,Hyderabad,Grocery,UPI,2025-05-13,862.28,0
517,2093,30,Female,Hyderabad,Books,Debit Card,2025-05-13,931.23,1
1260,1431,46,Male,Chennai,Home & Furniture,UPI,2025-05-13,3693.55,1
1109,1341,29,Male,Hyderabad,Electronics,Credit Card,2025-05-13,5151.78,1
436,1417,27,Female,Mumbai,Fashion,UPI,2025-05-13,1665.86,1
3821,1629,38,Male,Chennai,Electronics,Credit Card,2025-05-13,6088.92,0
3468,1192,19,Female,Bangalore,Grocery,COD,2025-05-14,1019.64,1
3687,2007,35,Female,Hyderabad,Fashion,COD,2025-05-14,2238.26,1
152,1683,53,Female,Delhi,Fashion,Debit Card,2025-05-14,3790.29,1
880,1477,41,Female,Pune,Home & Furniture,COD,2025-05-14,3609.13,0
3290,1739,27,Male,Bangalore,Books,Credit Card,2025-05-14,471.81,1
766,1227,19,Male,Delhi,Sports,UPI,2025-05-14,2653.98,1
463,1396,20,Female,Bangalore,Electronics,Net Banking,2025-05-14,5849.73,1
1318,2147,19,Female,Chennai,Electronics,UPI,2025-05-15,7561.57,0
2001,1446,33,Female,Mumbai,Beauty,UPI,2025-05-15,1328.84,1
3250,1619,26,Male,Chennai,Books,UPI,2025-05-15,615.76,0
1675,2062,24,Male,Delhi,Home & Furniture,Debit Card,2025-05-15,5581.36,0
3026,1353,24,Male,Pune,Fashion,Credit Card,2025-05-15,1657.33,1
3380,1341,63,Male,Ahmedabad,Electronics,Credit Card,2025-05-15,5881.27,1
3177,2127,64,Male,Pune,Grocery,COD,2025-05-15,2013.91,0
2724,1455,50,Male,Delhi,Sports,UPI,2025-05-15,1883.38,1
347,1991,25,Female,Mumbai,Sports,Credit Card,2025-05-16,3146.35,0
2114,1100,19,Male,Chennai,Home & Furniture,Credit Card,2025-05-16,7355.48,1
2349,1547,36,Male,Hyderabad,Grocery,UPI,2025-05-16,2862.15,0
2284,1210,53,Female,Delhi,Home & Furniture,UPI,2025-05-16,6282.97,1
2813,1929,21,Female,Hyderabad,Electronics,UPI,2025-05-16,9990.23,0
3338,1790,30,Male,Chennai,Grocery,Credit Card,2025-05-17,1631.64,1
2327,1562,61,Male,Kolkata,Books,Debit Card,2025-05-17,353.19,1
3274,1420,18,Female,Mumbai,Beauty,Credit Card,2025-05-17,2222.68,0
2014,1641,61,Male,Bangalore,Electronics,Credit Card,2025-05-17,8275.7,0
672,1080,32,Female,Hyderabad,Sports,UPI,2025-05-17,2785.5,1
2321,1499,52,Female,Bangalore,Electronics,Net Banking,2025-05-17,6793.87,0
3942,1391,48,Male,Mumbai,Electronics,Debit Card,2025-05-17,10627.13,1
141,2012,61,Female,Bangalore,Sports,Debit Card,2025-05-17,2518.7,1
870,2006,52,Male,Bangalore,Electronics,UPI,2025-05-17,4877.44,0
3229,1619,44,Female,Pune,Grocery,Debit Card,2025-05-17,1754.1,1
2403,1422,50,Male,Bangalore,Beauty,UPI,2025-05-17,1087.12,0
1545,1873,64,Male,Bangalore,Beauty,Credit Card,2025-05-17,1136.86,1
1331,2063,48,Female,Delhi,Grocery,Credit Card,2025-05-18,1676.96,0
226,1103,57,Male,Ahmedabad,Beauty,UPI,2025-05-18,2532.84,0
1290,1726,62,Female,Delhi,Fashion,Net Banking,2025-05-18,2132.04,1
2885,1612,19,Female,Mumbai,Grocery,Debit Card,2025-05-18,1189.57,1
2223,2127,37,Female,Ahmedabad,Electronics,Debit Card,2025-05-19,10567.08,1
473,1734,32,Male,Delhi,Electronics,UPI,2025-05-19,5495.18,0
1235,1758,50,Male,Pune,Beauty,UPI,2025-05-19,1687.62,1
2539,1942,33,Female,Delhi,Fashion,COD,2025-05-20,2129.91,1
3203,1558,46,Female,Bangalore,Fashion,UPI,2025-05-20,3620.27,0
132,2194,49,Male,Chennai,Electronics,Credit Card,2025-05-20,5945.47,1
957,1116,29,Male,Kolkata,Fashion,Debit Card,2025-05-20,2031.21,1
2710,1816,56,Female,Bangalore,Fashion,UPI,2025-05-20,1763.73,0
2500,1543,54,Female,Hyderabad,Beauty,Credit Card,2025-05-20,1237.17,1
447,1919,58,Female,Pune,Fashion,Credit Card,2025-05-20,4507.69,1
2548,1619,45,Male,Pune,Grocery,UPI,2025-05-20,1065.4,1
2723,1583,53,Male,Bangalore,Beauty,UPI,2025-05-20,954.97,1
3271,1085,18,Male,Pune,Books,COD,2025-05-20,1067.98,0
865,1574,21,Female,Delhi,Home & Furniture,Debit Card,2025-05-21,9447.71,1
2034,1819,39,Female,Hyderabad,Fashion,Credit Card,2025-05-21,1802.98,1
1563,1548,54,Male,Delhi,Electronics,Debit Card,2025-05-21,8778.03,1
359,1119,50,Female,Delhi,Grocery,Net Banking,2025-05-21,1059.6,0
482,1890,64,Male,Delhi,Fashion,Net Banking,2025-05-21,3107.96,0
3503,2092,20,Male,Ahmedabad,Grocery,Debit Card,2025-05-21,1245.08,0
3348,1614,39,Male,Hyderabad,Fashion,UPI,2025-05-21,1372.26,0
3954,1055,21,Female,Delhi,Home & Furniture,Credit Card,2025-05-22,5548.95,1
1303,2143,59,Male,Pune,Grocery,COD,2025-05-22,1505.82,1
2608,1762,59,Male,Hyderabad,Electronics,Credit Card,2025-05-22,9601.9,1
2509,1268,59,Female,Hyderabad,Books,UPI,2025-05-22,889.28,0
3397,1309,31,Female,Pune,Electronics,UPI,2025-05-22,6669.33,1
2863,1299,48,Male,Mumbai,Beauty,Debit Card,2025-05-23,1066.59,0
1595,1185,42,Female,Kolkata,Home & Furniture,UPI,2025-05-23,9050.75,0
292,1565,40,Female,Delhi,Books,Debit Card,2025-05-23,387.02,1
75,1791,53,Female,Mumbai,Sports,Debit Card,2025-05-23,3691.44,1
1562,1661,37,Female,Hyderabad,Fashion,Debit Card,2025-05-23,3716.81,1
3655,1294,33,Male,Ahmedabad,Grocery,Debit Card,2025-05-24,1153.78,0
1956,1560,44,Male,Mumbai,Fashion,Net Banking,2025-05-24,1501.56,1
2345,1808,39,Female,Mumbai,Grocery,UPI,2025-05-24,785.04,0
947,1824,37,Female,Hyderabad,Sports,UPI,2025-05-25,2113.21,0
557,1970,62,Female,Kolkata,Fashion,Net Banking,2025-05-25,3680.91,1
2804,2171,55,Female,Kolkata,Electronics,UPI,2025-05-25,4771.29,1
3803,1192,27,Female,Kolkata,Electronics,Debit Card,2025-05-25,7248.67,1
1515,1089,39,Female,Chennai,Electronics,Debit Card,2025-05-25,8524.59,1
3769,1146,64,Female,Bangalore,Beauty,UPI,2025-05-26,2075.15,1
3801,2126,33,Male,Chennai,Electronics,UPI,2025-05-26,9432.87,1
3564,1099,59,Female,Bangalore,Electronics,UPI,2025-05-26,7677.04,1
2193,1661,50,Female,Delhi,Beauty,Credit Card,2025-05-26,1747.14,1
214,2014,29,Female,Chennai,Grocery,UPI,2025-05-26,1368.75,1
3988,1919,38,Male,Pune,Electronics,UPI,2025-05-26,5285.44,0
3263,1477,19,Female,Mumbai,Grocery,Credit Card,2025-05-26,864.76,1
3584,1283,50,Male,Chennai,Sports,Credit Card,2025-05-27,2888.85,1
459,1872,18,Male,Chennai,Beauty,Debit Card,2025-05-27,902.35,0
1386,1036,64,Female,Pune,Grocery,Debit Card,2025-05-27,2041.06,1
1077,1713,37,Female,Mumbai,Grocery,COD,2025-05-27,896.12,0
698,1633,37,Female,Hyderabad,Sports,Credit Card,2025-05-28,3358.14,0
279,1180,37,Female,Bangalore,Beauty,Credit Card,2025-05-28,1945.48,1
1616,1013,62,Male,Chennai,Fashion,Debit Card,2025-05-28,2462.54,1
304,2062,19,Male,Pune,Electronics,Credit Card,2025-05-28,10622.53,1
923,1395,20,Male,Chennai,Fashion,UPI,2025-05-28,3562.65,1
3678,1087,57,Female,Pune,Electronics,UPI,2025-05-28,18048.77,1
3460,1758,47,Male,Hyderabad,Home & Furniture,UPI,2025-05-28,7319.03,1
266,1546,46,Male,Ahmedabad,Home & Furniture,Credit Card,2025-05-28,4134.97,1
2245,1586,29,Female,Delhi,Home & Furniture,Debit Card,2025-05-29,6811.32,0
2541,2098,59,Male,Bangalore,Grocery,UPI,2025-05-29,1677.61,0
3339,1873,18,Male,Ahmedabad,Grocery,UPI,2025-05-29,3090.41,1
2098,1714,53,Female,Hyderabad,Fashion,Credit Card,2025-05-29,3374.03,1
2661,1819,38,Female,Bangalore,Electronics,Net Banking,2025-05-29,9568.25,0
2688,1092,61,Female,Bangalore,Sports,Credit Card,2025-05-29,4154.63,1
2925,1940,61,Female,Kolkata,Fashion,UPI,2025-05-29,2362.98,0
621,1082,33,Female,Kolkata,Grocery,UPI,2025-05-29,1720.77,1
2151,1766,35,Male,Kolkata,Electronics,UPI,2025-05-29,6706.23,0
1639,1971,21,Male,Hyderabad,Books,Net Banking,2025-05-30,497.41,1
1286,1505,18,Male,Delhi,Electronics,UPI,2025-05-30,9999.18,1
2973,1413,21,Female,Delhi,Sports,UPI,2025-05-30,1979.88,1
3294,1600,53,Male,Hyderabad,Fashion,Net Banking,2025-05-30,1734.64,1
699,2074,39,Male,Mumbai,Beauty,Credit Card,2025-05-30,929.64,1
3607,1643,56,Female,Mumbai,Grocery,UPI,2025-05-30,1041.75,1
1384,1571,25,Male,Pune,Beauty,Debit Card,2025-05-30,2009.24,1
979,2002,29,Female,Hyderabad,Electronics,COD,2025-05-31,9162.88,1
2076,1593,50,Male,Hyderabad,Beauty,Credit Card,2025-05-31,1655.02,1
2757,1562,20,Female,Bangalore,Grocery,UPI,2025-05-31,1720.32,1
1017,1946,22,Male,Mumbai,Electronics,Debit Card,2025-05-31,8275.57,1
2555,2089,51,Female,Hyderabad,Home & Furniture,Debit Card,2025-05-31,5677.54,1
3943,1768,60,Female,Delhi,Sports,Credit Card,2025-05-31,2053.18,1
2131,1441,62,Male,Ahmedabad,Home & Furniture,UPI,2025-06-01,6088.43,1
26,2082,28,Male,Hyderabad,Home & Furniture,COD,2025-06-01,6196.64,1
2347,1187,35,Male,Ahmedabad,Home & Furniture,Debit Card,2025-06-01,5201.88,0
3565,2082,45,Male,Mumbai,Beauty,Credit Card,2025-06-01,1144.56,1
2484,1282,54,Female,Hyderabad,Grocery,Net Banking,2025-06-01,1484.1,1
796,1003,31,Female,Kolkata,Home & Furniture,UPI,2025-06-01,6166.13,1
204,1345,26,Male,Bangalore,Electronics,Debit Card,2025-06-01,4317.32,0
3149,1011,51,Female,Hyderabad,Grocery,Debit Card,2025-06-02,1042.9,1
1224,2184,59,Male,Mumbai,Fashion,Net Banking,2025-06-02,2066.21,1
3483,1312,61,Male,Hyderabad,Fashion,Credit Card,2025-06-02,3271.22,1
3260,2164,19,Female,Mumbai,Home & Furniture,Net Banking,2025-06-02,7029.65,0
2000,1988,38,Male,Delhi,Fashion,Credit Card,2025-06-02,1481.49,1
1072,1904,22,Female,Hyderabad,Sports,Debit Card,2025-06-02,3157.59,1
616,1770,54,Male,Delhi,Electronics,UPI,2025-06-03,8916.15,0
2614,2143,18,Male,Bangalore,Home & Furniture,Credit Card,2025-06-03,7868.22,1
2072,1628,20,Male,Hyderabad,Books,UPI,2025-06-03,469.91,1
652,1852,35,Female,Chennai,Grocery,UPI,2025-06-04,3018.78,0
2307,2019,32,Female,Bangalore,Electronics,Debit Card,2025-06-04,6007.4,1
349,1046,29,Female,Bangalore,Electronics,Credit Card,2025-06-04,4366.26,1
2578,1844,46,Female,Bangalore,Grocery,Credit Card,2025-06-04,1062.93,1
788,1542,45,Female,Kolkata,Fashion,UPI,2025-06-04,2385.04,0
3232,1332,43,Male,Delhi,Grocery,Net Banking,2025-06-04,1370.47,1
3863,1643,24,Male,Delhi,Home & Furniture,Credit Card,2025-06-04,7123.57,0
1358,1825,40,Female,Mumbai,Fashion,Credit Card,2025-06-05,2779.64,1
378,1789,57,Female,Chennai,Grocery,COD,2025-06-05,1399.73,1
1959,1593,18,Male,Bangalore,Grocery,Credit Card,2025-06-05,1682.48,1
3594,1045,35,Female,Ahmedabad,Beauty,Debit Card,2025-06-05,2822.97,1
2717,1778,22,Male,Hyderabad,Fashion,UPI,2025-06-05,1522.14,1
3575,1661,40,Male,Chennai,Electronics,COD,2025-06-05,8241.27,0
2225,1472,24,Female,Chennai,Grocery,UPI,2025-06-05,1161.01,1
756,1125,23,Female,Delhi,Fashion,Credit Card,2025-06-05,1841.88,1
3853,1531,27,Female,Bangalore,Electronics,UPI,2025-06-06,9766.08,0
49,1091,39,Female,Bangalore,Grocery,UPI,2025-06-06,837.07,1
3892,1990,23,Female,Pune,Electronics,Net Banking,2025-06-06,7391.48,1
3431,1508,31,Male,Hyderabad,Beauty,Credit Card,2025-06-06,1534.1,1
2247,2093,61,Female,Hyderabad,Grocery,Debit Card,2025-06-06,803.13,0
2339,1742,21,Male,Delhi,Sports,Debit Card,2025-06-06,4082.25,0
3677,1821,48,Female,Chennai,Electronics,Debit Card,2025-06-06,12723.08,0
659,1805,40,Male,Mumbai,Grocery,UPI,2025-06-06,1352.49,0
759,1144,64,Male,Kolkata,Fashion,Debit Card,2025-06-07,2092.09,1
37,1646,42,Female,Ahmedabad,Fashion,UPI,2025-06-07,2751.08,0
2899,1882,48,Male,Hyderabad,Books,COD,2025-06-07,1041.02,0
2988,1183,45,Female,Delhi,Fashion,Debit Card,2025-06-07,2748.15,1
1842,2131,48,Male,Hyderabad,Sports,UPI,2025-06-07,1818.27,1
348,1883,44,Female,Mumbai,Fashion,COD,2025-06-07,1552.98,1
3737,1725,56,Male,Delhi,Fashion,COD,2025-06-07,2546.56,1
3387,1701,19,Male,Hyderabad,Electronics,COD,2025-06-08,12865.49,1
2954,1646,44,Male,Chennai,Fashion,Debit Card,2025-06-08,2910.47,1
2957,1024,38,Female,Delhi,Beauty,Credit Card,2025-06-08,1006.0,0
3499,2120,24,Male,Mumbai,Sports,COD,2025-06-08,1681.21,0
775,1314,57,Male,Ahmedabad,Books,UPI,2025-06-08,361.6,0
1024,1086,31,Female,Delhi,Grocery,Debit Card,2025-06-08,1383.02,1
2653,1342,47,Female,Bangalore,Electronics,UPI,2025-06-08,8777.37,1
3927,2152,39,Female,Delhi,Books,Credit Card,2025-06-08,502.19,1
565,1372,44,Male,Hyderabad,Grocery,Credit Card,2025-06-09,1603.67,1
3438,1581,37,Female,Kolkata,Beauty,COD,2025-06-09,1122.87,0
3452,1368,22,Male,Hyderabad,Beauty,Credit Card,2025-06-09,1758.87,0
2989,1110,60,Male,Bangalore,Electronics,UPI,2025-06-09,8369.25,0
2092,1028,56,Male,Ahmedabad,Fashion,Credit Card,2025-06-09,1507.81,1
3195,2091,55,Female,Kolkata,Fashion,Credit Card,2025-06-09,1590.84,1
1154,1060,60,Female,Hyderabad,Fashion,UPI,2025-06-09,1789.59,1
437,1114,36,Male,Kolkata,Grocery,Credit Card,2025-06-10,775.52,0
872,1820,48,Male,Ahmedabad,Books,COD,2025-06-10,771.4,0
3278,1169,64,Female,Bangalore,Beauty,UPI,2025-06-10,1821.65,0
2253,1535,61,Male,Chennai,Books,Credit Card,2025-06-10,475.45,0
943,1778,54,Male,Delhi,Electronics,Debit Card,2025-06-10,7745.44,1
2735,2004,18,Male,Hyderabad,Fashion,UPI,2025-06-10,1832.63,1
118,1870,59,Male,Chennai,Grocery,Credit Card,2025-06-10,864.0,1
743,2030,62,Male,Delhi,Books,Debit Card,2025-06-11,1073.94,1
2933,2036,39,Female,Delhi,Electronics,Credit Card,2025-06-11,11879.23,0
841,1375,23,Female,Ahmedabad,Books,UPI,2025-06-11,715.36,0
3330,1699,58,Male,Pune,Home & Furniture,UPI,2025-06-12,6029.76,1
430,1848,41,Female,Chennai,Fashion,Debit Card,2025-06-12,1586.62,1
3558,1917,24,Male,Delhi,Grocery,UPI,2025-06-12,1432.53,1
1196,1826,64,Male,Pune,Books,UPI,2025-06-12,587.46,1
3911,1394,53,Male,Bangalore,Grocery,Debit Card,2025-06-12,1504.36,1
1042,1490,22,Female,Ahmedabad,Electronics,Debit Card,2025-06-12,8228.2,0
1718,2182,52,Female,Ahmedabad,Grocery,Net Banking,2025-06-12,901.58,1
507,1945,19,Female,Chennai,Sports,Debit Card,2025-06-12,1925.57,1
466,1176,37,Female,Chennai,Fashion,UPI,2025-06-12,3257.36,1
3407,1520,22,Male,Chennai,Electronics,UPI,2025-06-12,11553.74,0
3145,1032,27,Female,Hyderabad,Home & Furniture,Credit Card,2025-06-13,5984.0,1
964,1474,49,Female,Chennai,Sports,COD,2025-06-13,3751.97,1
1209,1187,20,Male,Kolkata,Grocery,UPI,2025-06-13,1649.42,0
1197,1726,43,Female,Ahmedabad,Beauty,Credit Card,2025-06-13,1095.81,1
2512,2125,45,Female,Mumbai,Beauty,UPI,2025-06-13,741.54,1
3939,1339,36,Female,Mumbai,Grocery,Net Banking,2025-06-13,821.42,1
1516,1121,38,Female,Mumbai,Books,Credit Card,2025-06-14,845.17,1
2728,1601,46,Male,Delhi,Grocery,UPI,2025-06-14,1219.75,0
655,1434,56,Female,Hyderabad,Beauty,Credit Card,2025-06-14,1506.54,1
945,1419,62,Female,Ahmedabad,Grocery,Net Banking,2025-06-15,1853.94,0
2046,1597,40,Female,Kolkata,Electronics,Credit Card,2025-06-15,8016.02,0
3535,2105,28,Female,Delhi,Fashion,Credit Card,2025-06-15,4325.96,1
1512,1193,63,Female,Hyderabad,Electronics,UPI,2025-06-15,7690.21,0
3368,1862,56,Female,Kolkata,Grocery,UPI,2025-06-15,804.2,0
595,2142,52,Male,Chennai,Grocery,UPI,2025-06-16,777.58,1
2744,1411,55,Male,Mumbai,Sports,Credit Card,2025-06-16,2481.97,0
353,1655,59,Female,Bangalore,Home & Furniture,Net Banking,2025-06-16,4620.21,1
1159,1130,59,Female,Hyderabad,Grocery,Net Banking,2025-06-16,1294.12,0
534,1386,64,Male,Hyderabad,Grocery,Debit Card,2025-06-16,809.24,1
2554,1271,22,Female,Hyderabad,Fashion,UPI,2025-06-16,1532.74,0
2470,1566,47,Male,Mumbai,Beauty,Credit Card,2025-06-17,765.3,1
2401,1953,56,Male,Hyderabad,Fashion,UPI,2025-06-17,1303.27,1
1497,2069,54,Female,Hyderabad,Sports,Net Banking,2025-06-17,3393.19,1
934,2156,49,Female,Hyderabad,Fashion,Credit Card,2025-06-17,2166.14,1
3788,1204,49,Male,Kolkata,Fashion,Debit Card,2025-06-17,2644.77,0
296,1853,43,Male,Bangalore,Books,UPI,2025-06-17,1237.85,0
2970,2127,42,Female,Pune,Fashion,Net Banking,2025-06-17,3202.88,1
29,1975,35,Female,Ahmedabad,Home & Furniture,Credit Card,2025-06-18,11238.08,1
2272,1335,29,Male,Mumbai,Fashion,Credit Card,2025-06-18,2370.0,0
1520,1886,42,Female,Hyderabad,Fashion,Net Banking,2025-06-18,1712.31,0
2097,1788,47,Male,Delhi,Fashion,Net Banking,2025-06-18,2658.24,1
114,2028,37,Male,Delhi,Electronics,Credit Card,2025-06-18,4664.35,0
893,1864,21,Male,Mumbai,Electronics,UPI,2025-06-18,13169.62,0
1304,1892,50,Male,Hyderabad,Electronics,UPI,2025-06-19,9054.55,1
3851,1556,42,Female,Delhi,Sports,Credit Card,2025-06-19,2419.18,1
1274,2085,47,Male,Mumbai,Grocery,Credit Card,2025-06-19,1937.61,0
213,2183,26,Male,Kolkata,Home & Furniture,Credit Card,2025-06-19,6965.07,1
3057,1470,39,Male,Delhi,Grocery,Debit Card,2025-06-19,1168.29,0
2143,1945,21,Female,Pune,Sports,UPI,2025-06-19,2361.1,1
2073,1509,40,Male,Ahmedabad,Sports,UPI,2025-06-19,3555.83,1
801,1946,46,Male,Chennai,Beauty,UPI,2025-06-20,1812.6,1
2136,1991,34,Male,Delhi,Electronics,Net Banking,2025-06-20,4366.72,0
240,1397,42,Male,Hyderabad,Electronics,UPI,2025-06-21,8416.47,1
3628,1801,55,Female,Hyderabad,Electronics,UPI,2025-06-21,3881.41,1
1608,1001,50,Female,Hyderabad,Electronics,UPI,2025-06-21,22383.27,0
2268,2142,37,Male,Delhi,Books,Credit Card,2025-06-21,556.72,1
3751,1288,23,Female,Ahmedabad,Sports,Credit Card,2025-06-21,2595.43,1
332,1304,64,Female,Pune,Beauty,Credit Card,2025-06-21,1539.75,0
2846,2007,18,Female,Hyderabad,Grocery,UPI,2025-06-21,1176.66,1
2637,2085,48,Female,Hyderabad,Grocery,UPI,2025-06-21,1232.26,0
146,1632,25,Male,Delhi,Home & Furniture,Credit Card,2025-06-22,5634.89,1
873,1103,36,Female,Kolkata,Fashion,Debit Card,2025-06-22,1870.58,0
1875,1072,22,Female,Pune,Electronics,UPI,2025-06-22,6612.55,0
1702,1813,52,Female,Chennai,Sports,Credit Card,2025-06-22,4603.12,0
645,1388,56,Female,Mumbai,Electronics,Net Banking,2025-06-22,11804.73,1
570,1697,22,Female,Hyderabad,Electronics,Debit Card,2025-06-22,9905.38,0
578,2168,43,Female,Hyderabad,Sports,COD,2025-06-22,1604.94,0
2216,2151,33,Female,Bangalore,Grocery,UPI,2025-06-22,1750.13,0
2609,1632,33,Male,Chennai,Electronics,UPI,2025-06-22,6652.23,1
1857,1920,39,Female,Bangalore,Home & Furniture,UPI,2025-06-22,8302.64,1
398,1550,58,Female,Bangalore,Fashion,Net Banking,2025-06-23,2782.81,0
2429,1390,35,Male,Delhi,Books,COD,2025-06-23,1250.62,1
3894,1857,51,Male,Kolkata,Electronics,UPI,2025-06-23,8340.12,0
1170,1329,42,Male,Bangalore,Grocery,UPI,2025-06-23,1469.38,1
2971,1801,57,Male,Mumbai,Electronics,UPI,2025-06-23,9690.03,0
3914,1395,44,Male,Hyderabad,Grocery,Credit Card,2025-06-23,944.76,1
937,2129,57,Male,Mumbai,Fashion,UPI,2025-06-23,1723.59,1
3390,2135,54,Male,Bangalore,Beauty,UPI,2025-06-23,947.93,0
183,1608,48,Male,Mumbai,Beauty,UPI,2025-06-23,1994.18,1
1307,1579,29,Female,Mumbai,Electronics,Credit Card,2025-06-23,11606.04,1
1891,1380,51,Male,Hyderabad,Fashion,Debit Card,2025-06-24,1723.21,1
803,1193,32,Male,Delhi,Sports,Debit Card,2025-06-24,1692.57,0
3610,1914,31,Male,Chennai,Grocery,Net Banking,2025-06-24,1006.36,1
3760,2019,42,Female,Hyderabad,Electronics,UPI,2025-06-24,10379.3,1
490,1397,39,Male,Mumbai,Grocery,Credit Card,2025-06-24,1892.7,0
3580,1867,43,Female,Kolkata,Home & Furniture,Debit Card,2025-06-24,5622.61,0
1848,1418,19,Male,Mumbai,Fashion,Net Banking,2025-06-24,1495.48,0
3279,1871,20,Female,Pune,Home & Furniture,UPI,2025-06-24,6005.28,0
609,1510,18,Male,Pune,Home & Furniture,Credit Card,2025-06-24,6314.6,1
3314,1314,35,Male,Ahmedabad,Sports,UPI,2025-06-24,3522.45,1
3998,1067,26,Female,Ahmedabad,Books,UPI,2025-06-25,384.22,1
2955,1578,30,Female,Kolkata,Books,UPI,2025-06-25,665.98,1
3328,1402,32,Female,Delhi,Beauty,Credit Card,2025-06-25,1890.82,1
2923,1510,62,Male,Mumbai,Books,Credit Card,2025-06-25,786.11,1
3110,1234,21,Male,Hyderabad,Books,UPI,2025-06-25,661.83,0
2043,1091,23,Female,Mumbai,Grocery,UPI,2025-06-25,1466.45,0
3756,1937,22,Female,Bangalore,Fashion,COD,2025-06-25,1950.48,0
198,1871,32,Female,Delhi,Fashion,UPI,2025-06-25,1462.67,0
180,1981,40,Female,Hyderabad,Grocery,Debit Card,2025-06-26,1831.64,0
2645,2012,43,Male,Delhi,Beauty,UPI,2025-06-26,1208.21,0
1451,2083,43,Female,Chennai,Grocery,UPI,2025-06-26,559.73,0
1022,1777,56,Female,Chennai,Electronics,Credit Card,2025-06-26,6697.75,0
1585,1946,35,Female,Pune,Home & Furniture,UPI,2025-06-26,9410.22,1
2654,1331,61,Male,Mumbai,Beauty,UPI,2025-06-27,2243.46,1
662,1858,23,Male,Ahmedabad,Books,Credit Card,2025-06-27,915.65,1
1315,1039,50,Male,Hyderabad,Electronics,COD,2025-06-27,8786.85,1
2816,1836,22,Female,Kolkata,Home & Furniture,UPI,2025-06-27,9761.28,0
3880,1313,42,Male,Bangalore,Books,Debit Card,2025-06-27,561.63,0
687,1760,21,Male,Mumbai,Grocery,Debit Card,2025-06-28,739.59,1
2053,1649,44,Female,Hyderabad,Home & Furniture,UPI,2025-06-28,5389.87,0
2732,2176,27,Male,Mumbai,Electronics,Credit Card,2025-06-28,7779.22,0
1684,1374,31,Male,Bangalore,Fashion,UPI,2025-06-28,2202.62,1
1391,1730,25,Female,Mumbai,Beauty,COD,2025-06-28,1981.33,0
2087,1392,58,Female,Chennai,Home & Furniture,Debit Card,2025-06-28,4620.32,1
2188,1662,45,Male,Delhi,Sports,Net Banking,2025-06-28,3476.18,1
1965,1072,52,Male,Mumbai,Books,UPI,2025-06-28,902.04,1
646,1989,59,Female,Mumbai,Books,Net Banking,2025-06-28,1151.84,1
12,1130,51,Female,Delhi,Books,Debit Card,2025-06-29,886.93,0
3944,1574,54,Male,Delhi,Electronics,COD,2025-06-29,6001.47,1
3133,1857,48,Female,Bangalore,Grocery,UPI,2025-06-29,1219.27,0
272,2069,37,Female,Pune,Beauty,UPI,2025-06-29,1254.25,0
2975,1909,31,Male,Ahmedabad,Grocery,UPI,2025-06-29,410.4,1
2699,1554,30,Male,Chennai,Home & Furniture,Net Banking,2025-06-30,5929.57,0
3119,2125,38,Female,Hyderabad,Grocery,UPI,2025-06-30,1146.88,1
512,1338,45,Male,Bangalore,Fashion,Debit Card,2025-06-30,1108.7,1
786,1898,33,Male,Hyderabad,Grocery,Credit Card,2025-06-30,1845.74,1
3128,1883,64,Female,Kolkata,Fashion,UPI,2025-06-30,1568.42,1
3796,1016,49,Male,Bangalore,Grocery,Debit Card,2025-06-30,952.86,1
1610,1292,33,Female,Hyderabad,Grocery,Debit Card,2025-06-30,3336.04,1
650,1766,27,Female,Chennai,Beauty,UPI,2025-06-30,2351.23,0
1038,2111,58,Male,Delhi,Home & Furniture,UPI,2025-06-30,10119.33,0
819,1653,39,Male,Hyderabad,Fashion,UPI,2025-06-30,2781.45,1
3011,1159,62,Male,Ahmedabad,Fashion,Net Banking,2025-07-01,2033.57,1
1511,2126,62,Male,Delhi,Sports,UPI,2025-07-01,2578.62,1
721,1106,45,Male,Chennai,Electronics,UPI,2025-07-01,6751.79,1
892,1516,38,Male,Hyderabad,Electronics,UPI,2025-07-01,10422.97,0
2761,2107,58,Male,Mumbai,Electronics,Debit Card,2025-07-01,8540.88,0
2031,1784,54,Female,Kolkata,Fashion,COD,2025-07-01,1980.97,1
1472,1955,30,Female,Hyderabad,Sports,UPI,2025-07-01,2123.24,1
3795,1855,30,Female,Ahmedabad,Electronics,Credit Card,2025-07-01,7096.96,0
281,2122,34,Male,Hyderabad,Electronics,Net Banking,2025-07-01,10081.35,0
552,1763,30,Female,Ahmedabad,Fashion,Debit Card,2025-07-01,2561.48,1
853,1077,54,Female,Hyderabad,Fashion,Debit Card,2025-07-01,2229.75,1
3734,1413,44,Male,Bangalore,Home & Furniture,Credit Card,2025-07-02,5569.0,1
3089,1897,44,Male,Hyderabad,Electronics,UPI,2025-07-02,6262.25,1
2684,1729,53,Male,Chennai,Grocery,Credit Card,2025-07-02,600.99,0
1388,1277,38,Female,Mumbai,Grocery,Credit Card,2025-07-02,853.93,1
1240,1957,34,Male,Kolkata,Electronics,Credit Card,2025-07-02,7029.12,1
156,1563,54,Male,Pune,Beauty,UPI,2025-07-02,1563.92,1
2391,1894,27,Male,Mumbai,Grocery,COD,2025-07-02,1893.82,1
1688,1668,42,Female,Delhi,Electronics,UPI,2025-07-02,9957.95,1
2907,1694,56,Female,Mumbai,Home & Furniture,Debit Card,2025-07-03,5611.67,1
3527,1360,51,Male,Delhi,Grocery,UPI,2025-07-03,1191.9,1
1136,1097,60,Female,Bangalore,Sports,Debit Card,2025-07-03,2812.47,0
1906,1207,60,Male,Delhi,Sports,UPI,2025-07-03,2886.92,1
1694,1426,19,Male,Chennai,Grocery,Credit Card,2025-07-04,1213.13,1
2870,1865,26,Female,Chennai,Home & Furniture,COD,2025-07-04,6844.42,0
3893,1898,62,Female,Hyderabad,Fashion,Credit Card,2025-07-04,1796.6,0
2602,1898,21,Female,Pune,Fashion,Debit Card,2025-07-04,2217.25,1
1569,1034,42,Male,Kolkata,Electronics,Credit Card,2025-07-04,16293.44,1
3044,1576,44,Female,Pune,Electronics,UPI,2025-07-04,14582.01,0
3816,1504,40,Female,Bangalore,Grocery,UPI,2025-07-04,774.07,0
961,1536,43,Male,Bangalore,Home & Furniture,Credit Card,2025-07-04,5621.72,0
1423,2122,53,Female,Ahmedabad,Electronics,UPI,2025-07-05,6879.76,1
3896,1489,32,Female,Bangalore,Sports,UPI,2025-07-05,1787.8,1
3902,1615,48,Female,Bangalore,Books,COD,2025-07-05,433.07,0
1025,1054,23,Female,Hyderabad,Fashion,Net Banking,2025-07-05,2280.91,1
342,2003,29,Female,Mumbai,Fashion,UPI,2025-07-05,2488.21,1
3563,1744,22,Male,Kolkata,Fashion,Debit Card,2025-07-06,2869.79,1
3143,2157,35,Male,Chennai,Home & Furniture,Debit Card,2025-07-06,5607.3,0
2296,1739,60,Female,Pune,Fashion,COD,2025-07-06,2533.27,1
3778,1329,41,Male,Hyderabad,Home & Furniture,UPI,2025-07-06,4632.14,1
1837,1992,46,Male,Hyderabad,Electronics,Credit Card,2025-07-07,15308.04,0
3900,1053,24,Female,Delhi,Fashion,UPI,2025-07-07,1854.25,1
3141,1174,20,Male,Hyderabad,Sports,Debit Card,2025-07-07,4992.71,0
1880,1707,57,Male,Chennai,Fashion,Net Banking,2025-07-07,2310.94,1
170,1246,63,Female,Pune,Electronics,UPI,2025-07-07,10929.49,1
1419,1458,43,Male,Mumbai,Grocery,Debit Card,2025-07-07,1213.5,1
1766,1426,47,Male,Delhi,Electronics,UPI,2025-07-07,11590.69,1
1825,1719,51,Female,Chennai,Beauty,Net Banking,2025-07-07,2634.16,0
2789,2064,64,Female,Chennai,Grocery,UPI,2025-07-07,997.46,1
1369,2069,36,Male,Bangalore,Grocery,UPI,2025-07-08,798.78,1
1810,2195,40,Male,Chennai,Electronics,UPI,2025-07-08,8128.34,1
1812,1890,31,Female,Chennai,Beauty,UPI,2025-07-08,672.67,1
3906,1385,59,Male,Hyderabad,Sports,Debit Card,2025-07-08,1953.82,0
205,1623,57,Female,Hyderabad,Electronics,UPI,2025-07-08,9034.51,1
1014,1987,49,Male,Bangalore,Fashion,UPI,2025-07-08,1116.67,1
1667,1690,59,Female,Chennai,Sports,UPI,2025-07-08,3006.5,1
779,1623,34,Male,Delhi,Grocery,Debit Card,2025-07-08,1277.64,1
3588,2030,19,Male,Ahmedabad,Fashion,UPI,2025-07-08,3091.68,1
142,1645,40,Female,Delhi,Home & Furniture,UPI,2025-07-08,6132.14,1
3674,1255,40,Male,Ahmedabad,Grocery,Debit Card,2025-07-08,800.69,1
838,1317,56,Male,Hyderabad,Grocery,Net Banking,2025-07-08,1989.24,1
2776,1222,40,Female,Mumbai,Electronics,Credit Card,2025-07-09,10251.96,1
724,1336,64,Male,Chennai,Electronics,Net Banking,2025-07-09,9207.19,1
922,1362,29,Female,Chennai,Home & Furniture,UPI,2025-07-09,5458.49,1
1364,1362,32,Female,Hyderabad,Beauty,UPI,2025-07-09,1524.16,1
1052,1329,52,Female,Mumbai,Beauty,Credit Card,2025-07-10,1244.7,1
599,1145,37,Female,Hyderabad,Grocery,Debit Card,2025-07-10,1224.63,1
148,1972,47,Male,Delhi,Home & Furniture,UPI,2025-07-10,3968.32,1
1832,2083,18,Female,Bangalore,Books,COD,2025-07-10,967.97,0
3264,1494,29,Male,Kolkata,Fashion,Net Banking,2025-07-10,1876.55,0
465,2042,42,Female,Mumbai,Grocery,Credit Card,2025-07-10,726.53,1
3744,1449,37,Male,Hyderabad,Fashion,UPI,2025-07-10,1787.49,1
2175,1112,30,Male,Ahmedabad,Fashion,UPI,2025-07-10,2095.5,0
2472,1558,36,Male,Bangalore,Home & Furniture,Net Banking,2025-07-10,13808.46,1
1716,1584,42,Female,Hyderabad,Fashion,COD,2025-07-10,1583.49,0
572,1731,40,Male,Delhi,Grocery,Credit Card,2025-07-10,1185.79,1
3352,1270,54,Male,Hyderabad,Fashion,UPI,2025-07-10,2748.68,1
1644,2144,22,Female,Pune,Fashion,Debit Card,2025-07-11,850.39,1
2871,1138,63,Female,Delhi,Sports,Credit Card,2025-07-11,2817.79,1
606,1688,34,Female,Kolkata,Home & Furniture,COD,2025-07-11,7478.65,0
514,1510,29,Female,Delhi,Home & Furniture,COD,2025-07-11,2071.27,1
1248,1265,26,Female,Chennai,Fashion,Net Banking,2025-07-11,3657.5,0
3656,1795,41,Female,Mumbai,Fashion,UPI,2025-07-11,1459.76,0
2129,1539,55,Female,Delhi,Fashion,Credit Card,2025-07-11,1696.57,1
271,1476,38,Female,Hyderabad,Fashion,Net Banking,2025-07-12,1311.43,1
906,1843,45,Male,Delhi,Fashion,COD,2025-07-12,2447.02,1
3509,1018,29,Male,Bangalore,Sports,UPI,2025-07-12,2492.77,1
3757,1498,30,Male,Delhi,Fashion,Debit Card,2025-07-12,2086.43,1
703,1533,20,Male,Chennai,Grocery,Credit Card,2025-07-12,1726.64,1
1385,1334,37,Female,Delhi,Books,Net Banking,2025-07-12,439.31,1
3910,1299,57,Female,Delhi,Books,Net Banking,2025-07-12,478.93,1
789,2063,46,Male,Hyderabad,Electronics,Credit Card,2025-07-13,9208.1,1
3597,1261,25,Male,Mumbai,Beauty,Credit Card,2025-07-13,1680.43,1
1862,1458,34,Male,Mumbai,Fashion,Debit Card,2025-07-13,3416.07,0
3860,1058,43,Female,Delhi,Grocery,UPI,2025-07-13,1040.73,0
2669,1347,40,Male,Chennai,Electronics,UPI,2025-07-13,5308.52,1
1917,1236,59,Male,Pune,Fashion,Credit Card,2025-07-14,2038.42,1
1470,1520,29,Male,Pune,Electronics,COD,2025-07-14,7730.4,1
2016,1689,61,Male,Delhi,Sports,UPI,2025-07-14,2534.95,1
171,1835,49,Female,Mumbai,Grocery,UPI,2025-07-14,916.83,0
1726,1850,42,Female,Pune,Beauty,Net Banking,2025-07-14,702.22,1
224,1627,42,Female,Pune,Grocery,Credit Card,2025-07-14,634.58,1
2032,1100,29,Female,Ahmedabad,Grocery,COD,2025-07-14,1083.97,1
2572,1532,27,Male,Hyderabad,Grocery,UPI,2025-07-15,1519.25,1
1406,1284,41,Male,Hyderabad,Home & Furniture,Debit Card,2025-07-15,4764.74,1
245,2056,45,Male,Hyderabad,Home & Furniture,Net Banking,2025-07-15,4425.93,1
675,1899,26,Female,Bangalore,Fashion,UPI,2025-07-15,1869.21,0
3915,1370,42,Female,Ahmedabad,Books,UPI,2025-07-15,490.59,0
3174,2147,33,Female,Hyderabad,Home & Furniture,UPI,2025-07-16,6376.11,0
2808,1394,29,Female,Hyderabad,Beauty,UPI,2025-07-16,818.48,1
2993,1973,60,Male,Mumbai,Grocery,Credit Card,2025-07-16,1807.62,1
2593,1280,54,Male,Chennai,Beauty,Net Banking,2025-07-16,1116.48,0
2981,2089,57,Female,Chennai,Electronics,Credit Card,2025-07-16,8739.12,1
1435,1848,45,Male,Hyderabad,Electronics,Debit Card,2025-07-16,9172.65,1
2066,1496,33,Male,Hyderabad,Beauty,UPI,2025-07-16,1282.85,1
518,1444,25,Male,Delhi,Fashion,COD,2025-07-16,1185.95,1
1242,1317,60,Male,Mumbai,Fashion,UPI,2025-07-17,1598.17,1
102,1929,52,Female,Pune,Electronics,UPI,2025-07-17,6146.07,0
712,2096,40,Male,Hyderabad,Grocery,UPI,2025-07-17,1527.37,0
2085,1016,60,Male,Delhi,Beauty,Debit Card,2025-07-17,1811.89,1
1216,1182,63,Female,Chennai,Grocery,Debit Card,2025-07-18,1092.85,1
1270,1938,43,Male,Mumbai,Books,UPI,2025-07-18,620.56,0
3991,1206,40,Male,Chennai,Home & Furniture,UPI,2025-07-18,8329.38,1
1681,1307,38,Female,Kolkata,Grocery,UPI,2025-07-18,1010.4,0
499,2032,22,Female,Mumbai,Electronics,Credit Card,2025-07-19,7198.29,1
386,2092,45,Male,Bangalore,Books,UPI,2025-07-19,517.96,1
1729,1724,57,Female,Delhi,Electronics,UPI,2025-07-19,8038.41,0
2282,1059,23,Male,Delhi,Beauty,UPI,2025-07-19,1985.24,0
1566,2082,45,Male,Kolkata,Grocery,Credit Card,2025-07-19,854.57,0
1067,2142,42,Male,Hyderabad,Books,COD,2025-07-19,747.03,0
2394,1326,55,Female,Delhi,Electronics,UPI,2025-07-19,5750.0,1
1205,2182,52,Male,Delhi,Fashion,Credit Card,2025-07-19,2175.98,1
1789,2179,61,Female,Hyderabad,Electronics,Credit Card,2025-07-19,14976.01,0
1501,1672,52,Male,Hyderabad,Grocery,UPI,2025-07-19,1080.78,1
2320,1836,41,Male,Pune,Grocery,Debit Card,2025-07-20,1013.26,0
3713,1621,26,Female,Hyderabad,Beauty,Debit Card,2025-07-20,1694.17,1
676,1137,54,Male,Bangalore,Fashion,UPI,2025-07-20,2830.29,0
715,1046,64,Female,Delhi,Electronics,UPI,2025-07-20,10424.66,0
3265,1832,39,Female,Mumbai,Sports,Net Banking,2025-07-20,3181.68,0
940,2013,58,Female,Hyderabad,Grocery,UPI,2025-07-20,719.75,0
1075,1853,25,Female,Mumbai,Sports,UPI,2025-07-21,2798.28,0
3085,1740,56,Female,Delhi,Fashion,Credit Card,2025-07-21,1678.53,1
3007,1543,27,Female,Mumbai,Home & Furniture,COD,2025-07-21,10554.5,1
845,1917,26,Female,Delhi,Fashion,Debit Card,2025-07-21,2315.88,1
1983,1898,42,Female,Delhi,Electronics,UPI,2025-07-21,4369.92,1
1349,1556,56,Female,Pune,Fashion,Credit Card,2025-07-21,2928.02,0
3004,1336,62,Male,Pune,Books,UPI,2025-07-21,903.24,1
965,1417,51,Female,Ahmedabad,Books,Credit Card,2025-07-22,774.12,1
3458,1673,50,Female,Chennai,Home & Furniture,Net Banking,2025-07-22,3664.14,0
1353,1421,26,Female,Chennai,Beauty,UPI,2025-07-22,831.15,1
2025,1882,24,Male,Hyderabad,Books,Credit Card,2025-07-22,480.72,1
137,2109,54,Female,Chennai,Grocery,UPI,2025-07-22,1266.41,0
1753,2177,63,Male,Chennai,Electronics,Debit Card,2025-07-22,5839.2,1
1982,1380,40,Male,Chennai,Books,Debit Card,2025-07-22,519.82,0
95,1230,33,Male,Chennai,Grocery,UPI,2025-07-23,1593.02,0
3740,1671,22,Female,Chennai,Books,UPI,2025-07-23,601.23,1
866,1142,36,Male,Hyderabad,Home & Furniture,Debit Card,2025-07-23,7543.16,0
3002,1725,30,Male,Bangalore,Grocery,Debit Card,2025-07-23,2182.76,0
325,1853,27,Male,Bangalore,Fashion,UPI,2025-07-23,3442.37,0
289,2184,25,Female,Hyderabad,Home & Furniture,Debit Card,2025-07-23,7956.65,1
393,1911,60,Female,Hyderabad,Beauty,Debit Card,2025-07-23,966.34,1
486,2062,35,Male,Delhi,Sports,UPI,2025-07-24,4122.56,0
1919,1626,30,Male,Hyderabad,Grocery,UPI,2025-07-24,1416.94,1
23,1747,31,Male,Hyderabad,Electronics,Credit Card,2025-07-24,9176.64,0
2433,1382,51,Male,Delhi,Electronics,UPI,2025-07-24,10115.77,1
2027,2103,36,Male,Kolkata,Sports,Credit Card,2025-07-24,1771.09,1
725,2049,42,Female,Pune,Grocery,Credit Card,2025-07-24,1098.28,1
406,1768,18,Female,Mumbai,Fashion,UPI,2025-07-24,2734.66,1
2211,1018,41,Male,Bangalore,Fashion,Credit Card,2025-07-24,3749.89,1
2530,1587,44,Female,Delhi,Sports,COD,2025-07-25,2433.55,1
2236,1597,37,Male,Bangalore,Fashion,Debit Card,2025-07-25,2648.59,1
2187,1646,63,Female,Delhi,Fashion,UPI,2025-07-25,3124.03,0
2503,2039,28,Male,Bangalore,Home & Furniture,Net Banking,2025-07-25,8826.5,1
3179,1630,30,Female,Mumbai,Grocery,UPI,2025-07-25,795.96,1
1377,1364,64,Female,Mumbai,Fashion,UPI,2025-07-25,4023.67,0
3952,1689,37,Male,Hyderabad,Electronics,Credit Card,2025-07-26,13757.43,1
2507,2012,63,Male,Chennai,Beauty,Credit Card,2025-07-26,993.39,0
3643,1386,22,Female,Kolkata,Sports,Debit Card,2025-07-26,3811.02,1
159,2104,21,Male,Pune,Beauty,UPI,2025-07-26,1603.43,1
2355,1902,23,Female,Kolkata,Fashion,Credit Card,2025-07-26,1655.48,1
1615,1380,42,Female,Chennai,Beauty,UPI,2025-07-26,1846.01,1
503,1912,55,Female,Mumbai,Sports,Net Banking,2025-07-27,2490.42,1
3389,1536,36,Male,Bangalore,Electronics,COD,2025-07-27,18662.32,1
2562,1200,31,Male,Mumbai,Fashion,Debit Card,2025-07-27,2227.96,1
1142,1068,56,Male,Pune,Fashion,UPI,2025-07-27,3393.42,1
3522,1403,39,Male,Kolkata,Electronics,UPI,2025-07-27,11490.27,1
444,1760,32,Female,Mumbai,Grocery,Debit Card,2025-07-28,1728.82,1
344,2126,62,Female,Hyderabad,Electronics,Net Banking,2025-07-28,9549.12,0
2219,1361,56,Female,Pune,Fashion,Debit Card,2025-07-28,1316.87,1
2319,1601,59,Female,Bangalore,Electronics,UPI,2025-07-28,6082.84,0
3994,2148,21,Female,Delhi,Beauty,UPI,2025-07-28,2143.03,1
2009,1466,27,Male,Delhi,Sports,UPI,2025-07-28,2571.15,1
104,2071,54,Female,Pune,Beauty,Credit Card,2025-07-28,1720.07,0
3437,2164,35,Male,Chennai,Fashion,Credit Card,2025-07-28,4217.76,0
1220,1496,64,Male,Delhi,Electronics,UPI,2025-07-28,9246.22,1
839,1235,36,Female,Kolkata,Fashion,UPI,2025-07-28,2217.51,0
1820,1983,32,Male,Delhi,Home & Furniture,Credit Card,2025-07-28,5496.56,0
967,1639,56,Male,Delhi,Home & Furniture,Credit Card,2025-07-29,10017.9,1
2462,1503,18,Male,Mumbai,Grocery,Debit Card,2025-07-29,1034.78,0
2607,2096,45,Female,Hyderabad,Books,UPI,2025-07-29,541.15,0
3916,1857,49,Female,Chennai,Electronics,UPI,2025-07-30,8564.46,1
1074,1939,42,Male,Bangalore,Beauty,Debit Card,2025-07-30,771.56,1
2879,1786,21,Male,Pune,Electronics,Net Banking,2025-07-30,10725.24,1
1530,2107,47,Female,Hyderabad,Grocery,Debit Card,2025-07-30,657.52,0
1009,1589,37,Female,Mumbai,Fashion,Debit Card,2025-07-30,1431.38,1
1271,1709,56,Male,Kolkata,Sports,UPI,2025-07-30,2213.87,1
2845,1108,62,Female,Delhi,Books,Debit Card,2025-07-30,1110.19,1
1357,1556,22,Female,Delhi,Beauty,UPI,2025-07-30,996.98,0
206,2016,37,Female,Hyderabad,Beauty,Credit Card,2025-07-30,1709.37,1
3497,1139,54,Male,Bangalore,Sports,COD,2025-07-31,2540.97,1
1598,1020,46,Female,Chennai,Grocery,UPI,2025-07-31,831.72,1
3960,1330,45,Male,Mumbai,Home & Furniture,Credit Card,2025-07-31,6020.11,0
419,1956,26,Female,Mumbai,Grocery,UPI,2025-07-31,1378.06,1
1020,1054,57,Male,Kolkata,Beauty,Debit Card,2025-07-31,1611.21,1
1013,1501,40,Female,Hyderabad,Electronics,Net Banking,2025-07-31,14403.85,0
2397,1288,25,Male,Chennai,Electronics,COD,2025-08-01,4969.73,1
3288,2196,18,Female,Chennai,Books,UPI,2025-08-01,568.57,1
1993,2102,38,Male,Delhi,Home & Furniture,Net Banking,2025-08-01,5362.25,0
523,1038,48,Female,Hyderabad,Electronics,UPI,2025-08-01,7070.41,0
3209,1360,46,Female,Hyderabad,Electronics,Debit Card,2025-08-01,7932.06,0
10,2123,28,Female,Delhi,Beauty,Debit Card,2025-08-01,1979.54,0
3542,1585,49,Male,Ahmedabad,Electronics,Debit Card,2025-08-01,7973.98,1
658,1737,62,Male,Bangalore,Grocery,Credit Card,2025-08-01,1699.19,1
3023,1775,48,Male,Mumbai,Electronics,UPI,2025-08-01,5850.6,1
2294,1018,37,Female,Pune,Grocery,Credit Card,2025-08-01,1882.13,1
2281,1158,63,Male,Delhi,Fashion,Debit Card,2025-08-02,1947.69,0
310,1827,49,Female,Delhi,Electronics,Debit Card,2025-08-02,7818.46,1
1556,1684,38,Female,Hyderabad,Grocery,Net Banking,2025-08-02,1659.45,0
681,1545,59,Male,Ahmedabad,Grocery,UPI,2025-08-02,1055.26,1
1853,1589,47,Male,Chennai,Electronics,Debit Card,2025-08-02,8668.1,1
3581,1609,33,Female,Hyderabad,Fashion,UPI,2025-08-02,3598.17,0
3842,1291,49,Female,Ahmedabad,Grocery,Credit Card,2025-08-02,1494.43,0
2222,1448,33,Female,Bangalore,Grocery,Credit Card,2025-08-02,1108.96,0
3621,2134,32,Male,Pune,Fashion,UPI,2025-08-02,2096.33,0
3640,1318,28,Female,Delhi,Electronics,UPI,2025-08-03,11596.26,0
3347,1111,22,Male,Bangalore,Home & Furniture,Net Banking,2025-08-03,2871.96,0
1570,1444,58,Female,Pune,Beauty,Credit Card,2025-08-03,1015.98,0
2324,1972,27,Female,Chennai,Books,Net Banking,2025-08-03,821.28,1
3625,1068,51,Male,Ahmedabad,Books,UPI,2025-08-03,1028.03,1
1485,1606,18,Female,Ahmedabad,Beauty,COD,2025-08-03,1610.34,1
383,1996,23,Male,Bangalore,Sports,UPI,2025-08-03,2137.75,0
611,1404,49,Female,Delhi,Books,UPI,2025-08-04,863.41,1
3762,1931,29,Male,Hyderabad,Electronics,UPI,2025-08-04,6370.71,1
1841,1482,46,Female,Pune,Fashion,Debit Card,2025-08-04,1293.44,1
2450,1065,30,Male,Bangalore,Home & Furniture,UPI,2025-08-04,9565.55,0
3358,1993,33,Male,Hyderabad,Electronics,Credit Card,2025-08-04,8078.31,0
2356,1162,25,Male,Mumbai,Fashion,Net Banking,2025-08-04,2699.44,1
2526,1456,46,Male,Chennai,Fashion,Debit Card,2025-08-04,1654.4,1
3378,1211,54,Male,Chennai,Home & Furniture,Net Banking,2025-08-04,6441.02,0
3375,1679,26,Female,Kolkata,Grocery,Net Banking,2025-08-04,1748.38,1
3806,1250,35,Female,Pune,Fashion,UPI,2025-08-04,2039.48,0
432,1775,26,Male,Bangalore,Electronics,UPI,2025-08-04,9904.35,0
1150,1072,44,Male,Hyderabad,Fashion,UPI,2025-08-04,2150.4,1
3103,1939,49,Female,Bangalore,Grocery,Debit Card,2025-08-04,1072.58,0
2239,1313,43,Male,Bangalore,Fashion,UPI,2025-08-04,1278.14,0
3622,2070,19,Male,Hyderabad,Grocery,Net Banking,2025-08-04,1087.35,1
1413,1028,63,Male,Bangalore,Sports,UPI,2025-08-05,3412.78,0
1778,1050,52,Female,Hyderabad,Electronics,UPI,2025-08-05,11100.3,1
1428,1156,22,Female,Mumbai,Electronics,Net Banking,2025-08-05,6339.79,1
1958,1677,25,Male,Mumbai,Grocery,Credit Card,2025-08-05,2469.67,1
674,1796,49,Female,Pune,Home & Furniture,UPI,2025-08-05,7183.48,0
2571,1142,54,Male,Hyderabad,Beauty,UPI,2025-08-05,1353.95,1
2118,1042,32,Male,Bangalore,Beauty,Debit Card,2025-08-05,2195.36,1
2634,1694,19,Male,Delhi,Electronics,UPI,2025-08-05,9328.42,1
472,1717,63,Female,Hyderabad,Beauty,Credit Card,2025-08-05,1577.8,1
340,1263,49,Male,Bangalore,Electronics,UPI,2025-08-06,14246.0,0
885,2120,63,Male,Kolkata,Electronics,Debit Card,2025-08-06,8356.14,1
456,1278,40,Female,Hyderabad,Grocery,Credit Card,2025-08-06,1239.5,1
1227,2131,34,Female,Bangalore,Fashion,Credit Card,2025-08-06,1366.04,1
1179,1465,41,Female,Delhi,Electronics,Credit Card,2025-08-06,10922.49,1
888,1950,60,Female,Delhi,Electronics,Credit Card,2025-08-06,5324.8,1
2730,1987,53,Female,Delhi,Home & Furniture,Net Banking,2025-08-06,5773.13,1
3721,2029,48,Female,Hyderabad,Fashion,UPI,2025-08-06,1571.26,1
2951,1793,49,Female,Chennai,Electronics,UPI,2025-08-06,10199.66,0
3595,1617,44,Female,Hyderabad,Beauty,UPI,2025-08-07,2519.47,1
2565,1967,55,Male,Chennai,Fashion,COD,2025-08-07,1639.13,1
497,1750,25,Male,Delhi,Fashion,Credit Card,2025-08-07,3130.39,1
2543,1278,61,Male,Mumbai,Beauty,Credit Card,2025-08-07,1144.06,0
1765,1890,56,Female,Chennai,Electronics,UPI,2025-08-07,7307.35,1
3470,1389,63,Female,Mumbai,Electronics,Debit Card,2025-08-07,7166.12,1
3810,2167,22,Male,Hyderabad,Beauty,UPI,2025-08-07,1507.39,0
3227,1519,50,Male,Chennai,Grocery,COD,2025-08-08,970.34,1
3428,2006,56,Female,Chennai,Electronics,UPI,2025-08-08,9972.9,1
351,1822,60,Female,Mumbai,Books,Credit Card,2025-08-08,783.18,1
2262,1941,40,Male,Chennai,Fashion,Net Banking,2025-08-08,1651.03,1
640,1117,62,Female,Mumbai,Electronics,UPI,2025-08-08,13787.76,0
3101,2051,51,Male,Ahmedabad,Books,UPI,2025-08-08,1148.12,0
951,1935,33,Female,Ahmedabad,Fashion,UPI,2025-08-08,3387.94,1
3000,1780,56,Male,Hyderabad,Fashion,UPI,2025-08-08,1920.37,0
1645,2130,22,Male,Delhi,Home & Furniture,Credit Card,2025-08-09,5567.54,1
252,1037,33,Male,Bangalore,Grocery,Debit Card,2025-08-09,2239.64,1
2619,1285,44,Male,Chennai,Electronics,Credit Card,2025-08-09,5119.94,1
2304,1475,40,Male,Mumbai,Electronics,COD,2025-08-09,5902.92,1
377,1580,19,Female,Mumbai,Fashion,UPI,2025-08-09,929.93,0
1873,1743,42,Male,Bangalore,Electronics,UPI,2025-08-09,11622.33,1
2935,1286,27,Male,Pune,Fashion,Credit Card,2025-08-09,1819.27,1
1230,1738,27,Male,Mumbai,Beauty,Debit Card,2025-08-09,1273.48,0
2542,1952,42,Female,Delhi,Electronics,Credit Card,2025-08-09,4189.57,0
2023,2179,31,Male,Hyderabad,Electronics,Credit Card,2025-08-09,12687.56,0
3461,1727,29,Female,Kolkata,Grocery,Debit Card,2025-08-09,1609.16,0
3629,1295,20,Female,Mumbai,Grocery,Debit Card,2025-08-09,888.37,0
2479,1774,28,Female,Hyderabad,Electronics,UPI,2025-08-10,8176.81,0
912,1068,21,Male,Hyderabad,Sports,Debit Card,2025-08-10,3135.94,1
769,1622,44,Female,Bangalore,Beauty,Debit Card,2025-08-10,2232.44,0
450,2122,64,Male,Kolkata,Electronics,COD,2025-08-10,6003.56,1
3010,1659,33,Female,Bangalore,Home & Furniture,Credit Card,2025-08-10,10407.91,0
1471,2016,64,Female,Pune,Fashion,Net Banking,2025-08-10,3016.11,0
2903,1819,61,Male,Bangalore,Electronics,UPI,2025-08-11,4740.43,1
493,2186,20,Male,Chennai,Fashion,Net Banking,2025-08-11,2981.07,1
2765,1386,62,Male,Bangalore,Beauty,Credit Card,2025-08-11,1147.0,0
1738,1735,30,Male,Ahmedabad,Electronics,UPI,2025-08-11,5651.98,1
1626,2186,27,Female,Bangalore,Home & Furniture,Credit Card,2025-08-11,3366.22,1
194,1488,57,Female,Hyderabad,Home & Furniture,Credit Card,2025-08-11,9981.47,1
1483,1273,41,Male,Delhi,Electronics,Credit Card,2025-08-11,7301.05,1
476,1884,38,Male,Bangalore,Sports,Debit Card,2025-08-12,6278.88,1
3054,1623,25,Male,Hyderabad,Electronics,UPI,2025-08-12,8349.88,0
1881,1560,26,Female,Mumbai,Home & Furniture,UPI,2025-08-12,8330.0,1
1957,1041,55,Male,Bangalore,Home & Furniture,UPI,2025-08-12,7307.02,1
790,1228,64,Male,Delhi,Beauty,UPI,2025-08-12,1772.61,0
1923,1320,60,Male,Bangalore,Beauty,COD,2025-08-13,1900.55,0
1594,1754,51,Female,Pune,Sports,Debit Card,2025-08-13,3031.05,1
3362,1432,19,Female,Ahmedabad,Beauty,Debit Card,2025-08-13,1418.63,1
667,1983,40,Male,Pune,Home & Furniture,Debit Card,2025-08-13,5485.62,0
3947,1892,46,Male,Hyderabad,Grocery,COD,2025-08-13,1777.49,0
852,1850,28,Male,Kolkata,Home & Furniture,UPI,2025-08-13,10846.18,0
3257,1449,20,Male,Delhi,Fashion,UPI,2025-08-13,2081.74,1
2486,1485,29,Male,Ahmedabad,Home & Furniture,Debit Card,2025-08-13,4953.6,1
1543,2150,35,Male,Hyderabad,Fashion,Credit Card,2025-08-13,1093.26,1
149,1709,27,Female,Bangalore,Books,Debit Card,2025-08-13,413.28,1
2862,2003,25,Male,Chennai,Grocery,UPI,2025-08-13,1230.96,0
3551,1949,36,Female,Kolkata,Fashion,COD,2025-08-13,2339.48,1
3616,1211,30,Male,Pune,Grocery,Debit Card,2025-08-13,848.38,1
189,1954,39,Female,Chennai,Grocery,COD,2025-08-13,1367.78,1
1878,1424,58,Female,Chennai,Fashion,UPI,2025-08-13,1812.87,1
3086,1396,62,Male,Kolkata,Grocery,Credit Card,2025-08-13,1118.92,1
7,1466,36,Female,Kolkata,Electronics,Credit Card,2025-08-13,10981.95,1
1010,2198,35,Male,Mumbai,Beauty,Credit Card,2025-08-14,1534.34,0
3606,1366,43,Female,Mumbai,Fashion,Debit Card,2025-08-14,1421.06,1
3493,1112,27,Male,Mumbai,Sports,Debit Card,2025-08-14,2967.29,1
413,1496,41,Female,Delhi,Electronics,Net Banking,2025-08-14,6551.58,1
316,1511,60,Female,Hyderabad,Home & Furniture,Debit Card,2025-08-14,9241.34,1
2995,2050,52,Male,Mumbai,Books,UPI,2025-08-14,1064.75,1
1546,1013,57,Female,Delhi,Grocery,COD,2025-08-14,2153.21,1
1219,1038,59,Female,Bangalore,Home & Furniture,Debit Card,2025-08-14,3147.5,0
836,1910,53,Female,Mumbai,Grocery,Net Banking,2025-08-15,1291.07,1
860,1295,59,Female,Hyderabad,Home & Furniture,Credit Card,2025-08-15,3852.48,1
3183,2166,19,Female,Delhi,Electronics,UPI,2025-08-15,5720.01,1
1991,1963,52,Female,Pune,Beauty,Debit Card,2025-08-15,1364.19,0
38,1020,58,Female,Chennai,Fashion,Net Banking,2025-08-15,2137.33,1
1487,1010,39,Female,Delhi,Electronics,UPI,2025-08-15,8600.41,0
2164,1272,26,Male,Hyderabad,Grocery,Debit Card,2025-08-15,943.16,0
3123,1674,63,Female,Ahmedabad,Home & Furniture,UPI,2025-08-15,5519.19,0
2156,1373,34,Female,Bangalore,Books,Credit Card,2025-08-15,333.04,1
2101,1775,50,Female,Bangalore,Sports,UPI,2025-08-15,3157.38,1
1446,2008,50,Male,Delhi,Books,UPI,2025-08-16,520.3,1
2934,1942,39,Male,Pune,Electronics,Net Banking,2025-08-16,9678.01,1
3080,1226,30,Male,Hyderabad,Grocery,Credit Card,2025-08-16,914.6,1
3633,1962,20,Female,Kolkata,Electronics,UPI,2025-08-16,12494.42,1
2331,1580,27,Male,Bangalore,Grocery,COD,2025-08-16,1230.57,1
2192,1597,19,Female,Pune,Beauty,UPI,2025-08-16,1305.35,1
1568,1754,19,Female,Mumbai,Grocery,Credit Card,2025-08-17,1984.24,1
1411,1459,60,Female,Mumbai,Grocery,UPI,2025-08-17,1487.83,0
1899,1353,50,Male,Delhi,Books,Debit Card,2025-08-17,1071.37,1
3953,1901,32,Female,Hyderabad,Grocery,Debit Card,2025-08-17,3510.18,1
1548,1977,24,Male,Chennai,Electronics,Credit Card,2025-08-17,9345.66,1
770,1747,32,Male,Kolkata,Home & Furniture,Net Banking,2025-08-17,9457.03,1
1176,1373,60,Male,Pune,Electronics,COD,2025-08-17,12875.66,1
3359,1535,58,Female,Kolkata,Beauty,UPI,2025-08-18,1119.38,0
3385,2192,64,Male,Chennai,Fashion,Debit Card,2025-08-18,3889.96,0
3718,1880,44,Male,Hyderabad,Fashion,UPI,2025-08-19,2643.04,0
3547,1668,46,Male,Mumbai,Grocery,COD,2025-08-19,1179.06,0
2931,1442,20,Male,Hyderabad,Home & Furniture,Debit Card,2025-08-19,5307.0,1
2419,1636,51,Female,Chennai,Grocery,Debit Card,2025-08-19,1359.0,0
3230,2184,41,Male,Delhi,Electronics,UPI,2025-08-19,4273.96,1
1776,1792,25,Male,Pune,Fashion,UPI,2025-08-19,2833.82,1
2133,1349,57,Male,Mumbai,Home & Furniture,Credit Card,2025-08-19,11684.86,1
2313,2070,38,Male,Delhi,Fashion,Debit Card,2025-08-19,2372.29,1
481,1947,61,Female,Ahmedabad,Fashion,Net Banking,2025-08-19,2800.88,0
824,1901,53,Male,Chennai,Grocery,UPI,2025-08-19,1951.9,0
2731,1519,61,Female,Mumbai,Beauty,Net Banking,2025-08-19,1944.38,1
598,2088,36,Female,Bangalore,Grocery,UPI,2025-08-19,634.37,1
3964,1298,28,Male,Mumbai,Beauty,COD,2025-08-19,1708.3,1
2021,2122,21,Male,Hyderabad,Beauty,Net Banking,2025-08-20,883.81,1
2511,1923,57,Male,Hyderabad,Electronics,UPI,2025-08-20,8181.77,1
1889,1066,39,Male,Delhi,Electronics,COD,2025-08-20,13883.53,0
627,1050,45,Male,Hyderabad,Grocery,Credit Card,2025-08-20,752.27,1
902,2180,45,Female,Bangalore,Fashion,UPI,2025-08-20,2919.15,1
1334,1348,35,Female,Mumbai,Electronics,UPI,2025-08-20,10220.24,0
1534,1006,40,Male,Ahmedabad,Electronics,UPI,2025-08-20,6795.26,1
3498,1901,47,Male,Bangalore,Grocery,COD,2025-08-21,529.7,1
3508,1049,59,Male,Hyderabad,Grocery,UPI,2025-08-21,1685.66,0
307,1920,47,Female,Delhi,Home & Furniture,UPI,2025-08-21,4836.42,1
2404,1176,35,Male,Delhi,Books,Credit Card,2025-08-21,670.26,0
1066,1470,23,Female,Bangalore,Books,UPI,2025-08-21,445.73,1
2561,1453,62,Female,Mumbai,Grocery,UPI,2025-08-21,1887.4,1
1621,1837,58,Female,Mumbai,Fashion,Credit Card,2025-08-21,1854.28,0
1454,1519,33,Male,Hyderabad,Sports,Net Banking,2025-08-21,3226.0,1
894,2141,24,Male,Mumbai,Fashion,Debit Card,2025-08-21,1524.84,0
3214,1014,54,Female,Chennai,Electronics,Debit Card,2025-08-21,11118.95,1
543,1057,55,Male,Mumbai,Home & Furniture,UPI,2025-08-21,4815.93,1
1803,1958,64,Male,Chennai,Grocery,UPI,2025-08-22,881.45,1
3682,2026,31,Male,Kolkata,Home & Furniture,Credit Card,2025-08-22,8259.28,1
3761,1114,52,Female,Chennai,Grocery,COD,2025-08-22,1404.55,0
2372,1943,31,Female,Kolkata,Fashion,Net Banking,2025-08-22,2107.54,1
2418,1434,40,Male,Bangalore,Grocery,UPI,2025-08-22,1498.27,1
1609,1374,51,Female,Hyderabad,Fashion,Credit Card,2025-08-22,1436.38,0
3336,1461,49,Female,Bangalore,Electronics,UPI,2025-08-22,9705.04,1
3732,1075,57,Female,Hyderabad,Grocery,Net Banking,2025-08-23,1497.84,1
654,1074,46,Female,Delhi,Beauty,Credit Card,2025-08-23,2123.15,1
2004,1042,43,Male,Mumbai,Fashion,Credit Card,2025-08-23,3961.56,0
2392,1489,23,Female,Pune,Electronics,Debit Card,2025-08-23,16029.27,0
3430,1166,28,Male,Delhi,Beauty,Credit Card,2025-08-23,1550.33,0
242,2158,49,Female,Kolkata,Fashion,Net Banking,2025-08-23,2152.21,1
2771,1234,51,Male,Bangalore,Home & Furniture,COD,2025-08-23,5122.81,1
1390,1483,62,Male,Delhi,Beauty,COD,2025-08-24,1207.08,1
3127,1016,28,Female,Chennai,Grocery,Credit Card,2025-08-24,1048.9,1
2040,1482,23,Male,Kolkata,Fashion,Net Banking,2025-08-24,1803.68,1
2283,1914,30,Female,Pune,Fashion,Net Banking,2025-08-24,2005.46,1
596,2015,34,Female,Mumbai,Fashion,UPI,2025-08-24,3534.9,1
563,1971,25,Male,Hyderabad,Electronics,COD,2025-08-24,12987.62,0
3401,1937,34,Male,Ahmedabad,Home & Furniture,UPI,2025-08-25,4412.86,1
302,1245,42,Female,Delhi,Beauty,Debit Card,2025-08-25,1779.49,0
2960,1140,21,Female,Delhi,Fashion,UPI,2025-08-25,2404.58,0
3577,1559,60,Female,Bangalore,Sports,Credit Card,2025-08-25,3249.83,1
1239,1028,21,Male,Delhi,Sports,Net Banking,2025-08-25,1964.8,1
1623,1890,56,Male,Pune,Grocery,UPI,2025-08-25,1255.92,1
1114,1609,56,Male,Chennai,Fashion,UPI,2025-08-26,1979.64,1
1601,1793,36,Female,Ahmedabad,Grocery,UPI,2025-08-26,1304.0,1
3608,1378,29,Male,Mumbai,Beauty,UPI,2025-08-26,2487.73,1
2701,1891,22,Female,Pune,Grocery,Debit Card,2025-08-26,685.33,0
2060,1337,22,Female,Mumbai,Grocery,Net Banking,2025-08-26,1499.92,0
2306,1970,26,Female,Chennai,Electronics,Net Banking,2025-08-26,15393.38,1
971,1762,41,Female,Delhi,Books,UPI,2025-08-27,449.37,1
3590,2160,63,Male,Hyderabad,Home & Furniture,UPI,2025-08-27,6711.82,1
776,1876,29,Male,Kolkata,Home & Furniture,Credit Card,2025-08-27,7307.94,0
2055,1064,50,Male,Hyderabad,Electronics,UPI,2025-08-27,15403.86,0
1465,1526,35,Female,Hyderabad,Grocery,Credit Card,2025-08-27,2311.62,0
1583,1955,41,Male,Hyderabad,Fashion,UPI,2025-08-27,1312.01,1
2081,1396,20,Male,Hyderabad,Fashion,UPI,2025-08-27,1434.34,1
1325,1036,35,Male,Pune,Beauty,COD,2025-08-27,1437.01,0
100,1200,41,Male,Hyderabad,Fashion,COD,2025-08-27,3307.09,1
863,1421,48,Female,Hyderabad,Fashion,COD,2025-08-28,2778.63,0
3841,1184,50,Male,Pune,Fashion,Credit Card,2025-08-28,2258.44,1
2802,1832,62,Female,Ahmedabad,Books,UPI,2025-08-28,508.76,1
2200,1462,20,Female,Delhi,Fashion,UPI,2025-08-28,2877.6,1
2125,1365,27,Male,Kolkata,Beauty,UPI,2025-08-28,2023.61,1
1686,1128,22,Male,Kolkata,Fashion,UPI,2025-08-28,1683.93,0
2831,1124,49,Female,Delhi,Electronics,Net Banking,2025-08-28,5632.46,1
2195,1533,36,Male,Mumbai,Fashion,Debit Card,2025-08-29,1890.77,1
554,2166,55,Female,Hyderabad,Fashion,Debit Card,2025-08-29,1811.45,0
1843,1672,42,Female,Kolkata,Home & Furniture,Debit Card,2025-08-29,5917.86,1
1343,1091,59,Male,Hyderabad,Electronics,UPI,2025-08-29,9604.46,0
1158,2062,55,Female,Bangalore,Electronics,UPI,2025-08-29,12831.68,0
2727,1444,50,Female,Delhi,Home & Furniture,UPI,2025-08-29,8180.8,1
1273,1010,21,Female,Hyderabad,Home & Furniture,COD,2025-08-29,8626.97,1
1625,1065,59,Female,Chennai,Books,Credit Card,2025-08-29,523.01,0
3258,1929,23,Female,Pune,Grocery,COD,2025-08-30,1079.36,1
2590,1839,29,Female,Chennai,Electronics,UPI,2025-08-30,13642.37,1
2365,1874,38,Male,Bangalore,Beauty,Debit Card,2025-08-30,1681.99,1
526,1652,51,Male,Pune,Beauty,Net Banking,2025-08-30,1968.51,1
2123,1276,50,Male,Delhi,Beauty,Debit Card,2025-08-30,1582.35,0
3293,1128,45,Female,Hyderabad,Grocery,UPI,2025-08-31,1257.08,0
1989,1916,61,Female,Bangalore,Electronics,UPI,2025-08-31,9780.29,1
3666,1741,59,Female,Chennai,Sports,Credit Card,2025-08-31,3195.67,1
51,1508,64,Male,Chennai,Sports,UPI,2025-08-31,3154.97,1
3877,2071,41,Male,Hyderabad,Sports,Debit Card,2025-08-31,2229.77,1
1088,1236,33,Male,Bangalore,Home & Furniture,Net Banking,2025-08-31,12173.97,1
1167,1816,28,Female,Bangalore,Fashion,Credit Card,2025-08-31,2622.81,0
2678,1950,36,Male,Ahmedabad,Beauty,COD,2025-09-01,2627.43,1
376,1703,38,Male,Mumbai,Beauty,Debit Card,2025-09-01,1708.78,1
2705,1703,44,Male,Hyderabad,Beauty,Credit Card,2025-09-01,1325.12,0
3857,1002,28,Male,Delhi,Home & Furniture,Credit Card,2025-09-01,6413.17,0
820,1319,49,Female,Bangalore,Sports,COD,2025-09-01,3412.2,1
3768,2150,30,Female,Mumbai,Home & Furniture,UPI,2025-09-01,6576.99,1
2238,1601,21,Female,Hyderabad,Grocery,Credit Card,2025-09-01,772.88,1
199,1640,32,Female,Mumbai,Beauty,Debit Card,2025-09-02,1654.34,1
1221,1981,55,Male,Ahmedabad,Fashion,UPI,2025-09-02,1814.86,1
3482,1882,48,Female,Ahmedabad,Beauty,Credit Card,2025-09-02,1299.79,0
502,1491,62,Male,Delhi,Electronics,Net Banking,2025-09-02,11686.24,0
3414,2134,35,Male,Delhi,Beauty,COD,2025-09-02,1023.53,0
297,1961,64,Female,Chennai,Beauty,UPI,2025-09-02,1121.39,1
516,2155,43,Male,Kolkata,Grocery,COD,2025-09-02,2119.18,1
3070,1430,35,Male,Delhi,Home & Furniture,UPI,2025-09-02,2844.7,1
160,1698,48,Female,Mumbai,Fashion,UPI,2025-09-02,1642.48,1
315,1320,30,Male,Delhi,Electronics,Debit Card,2025-09-02,9973.1,1
1028,1312,34,Male,Bangalore,Sports,UPI,2025-09-03,2988.06,1
3619,1756,27,Female,Pune,Sports,Credit Card,2025-09-03,3739.93,0
1450,1207,20,Female,Delhi,Grocery,Credit Card,2025-09-03,1039.18,1
3938,1837,40,Male,Hyderabad,Fashion,Net Banking,2025-09-03,951.54,1
3335,1404,53,Female,Hyderabad,Beauty,Debit Card,2025-09-03,2162.59,1
3189,1025,42,Female,Mumbai,Beauty,UPI,2025-09-03,1050.22,0
956,1312,19,Female,Hyderabad,Fashion,Net Banking,2025-09-03,2214.17,0
321,2166,57,Male,Bangalore,Fashion,UPI,2025-09-03,3183.74,1
515,1216,56,Male,Hyderabad,Fashion,UPI,2025-09-03,2330.96,1
1499,2109,52,Female,Chennai,Electronics,UPI,2025-09-03,7296.72,1
3161,1224,63,Female,Pune,Fashion,Debit Card,2025-09-04,756.64,0
1557,1308,43,Female,Ahmedabad,Sports,UPI,2025-09-04,3868.38,1
1578,1403,19,Male,Hyderabad,Electronics,UPI,2025-09-04,11061.04,0
1375,1447,23,Male,Hyderabad,Grocery,UPI,2025-09-04,718.38,1
3545,1153,36,Male,Mumbai,Beauty,UPI,2025-09-04,1202.16,1
549,1079,34,Female,Ahmedabad,Electronics,UPI,2025-09-04,10492.02,0
3221,1209,33,Male,Chennai,Home & Furniture,Credit Card,2025-09-04,7603.63,0
3097,1161,55,Female,Mumbai,Beauty,Credit Card,2025-09-04,1838.74,0
2100,1801,34,Male,Pune,Electronics,Credit Card,2025-09-05,8295.6,1
944,1813,33,Male,Kolkata,Grocery,Credit Card,2025-09-05,1035.53,1
3455,1487,26,Female,Bangalore,Sports,Debit Card,2025-09-05,3270.8,0
3058,1217,64,Male,Mumbai,Electronics,Credit Card,2025-09-05,6476.84,1
457,1216,21,Female,Delhi,Fashion,UPI,2025-09-05,3086.36,1
3502,1845,30,Female,Pune,Home & Furniture,Credit Card,2025-09-05,8760.22,0
30,1189,40,Male,Chennai,Fashion,UPI,2025-09-06,1947.2,0
781,1842,53,Female,Ahmedabad,Fashion,UPI,2025-09-06,2249.13,1
2974,2098,63,Female,Mumbai,Electronics,UPI,2025-09-06,7126.96,1
3158,1159,20,Female,Bangalore,Books,Net Banking,2025-09-06,739.06,1
1509,1115,45,Female,Hyderabad,Fashion,UPI,2025-09-07,3939.58,1
2675,1193,34,Male,Ahmedabad,Electronics,Debit Card,2025-09-07,8993.08,1
2165,1935,31,Male,Hyderabad,Sports,Debit Card,2025-09-07,1928.25,1
3417,1868,31,Male,Delhi,Home & Furniture,Credit Card,2025-09-07,3834.82,1
1493,2111,45,Female,Bangalore,Fashion,UPI,2025-09-08,2659.46,1
3399,1752,52,Male,Mumbai,Electronics,UPI,2025-09-08,5429.74,0
1708,1360,39,Male,Hyderabad,Fashion,UPI,2025-09-08,1827.28,0
3474,1715,56,Female,Delhi,Electronics,COD,2025-09-08,8285.12,1
1051,1006,48,Male,Ahmedabad,Fashion,Credit Card,2025-09-08,1651.17,1
2948,2186,23,Female,Bangalore,Fashion,UPI,2025-09-08,1644.55,1
1469,1454,64,Male,Chennai,Home & Furniture,UPI,2025-09-08,3798.87,1
1054,1150,45,Male,Hyderabad,Fashion,UPI,2025-09-08,1578.94,1
1311,1920,26,Male,Bangalore,Home & Furniture,Debit Card,2025-09-08,6967.66,1
2568,1190,24,Male,Bangalore,Electronics,UPI,2025-09-08,4146.96,1
903,2180,49,Male,Delhi,Grocery,Debit Card,2025-09-08,1380.25,1
2406,1965,49,Male,Bangalore,Fashion,Credit Card,2025-09-09,2209.07,1
3021,1259,20,Female,Ahmedabad,Fashion,Net Banking,2025-09-09,1781.61,0
3479,1427,19,Female,Mumbai,Sports,UPI,2025-09-09,4004.78,1
2660,1025,29,Female,Pune,Beauty,UPI,2025-09-09,1740.22,1
3074,1809,55,Female,Hyderabad,Electronics,Debit Card,2025-09-09,6443.05,1
409,2039,57,Male,Chennai,Electronics,Credit Card,2025-09-09,8250.94,1
3534,1680,22,Male,Kolkata,Electronics,UPI,2025-09-09,13639.46,1
3049,1818,39,Male,Hyderabad,Sports,UPI,2025-09-10,4496.52,0
370,1801,62,Male,Ahmedabad,Home & Furniture,COD,2025-09-10,7406.17,0
2599,1661,51,Male,Mumbai,Beauty,Net Banking,2025-09-10,1291.07,1
200,1472,56,Male,Mumbai,Beauty,Debit Card,2025-09-10,1943.36,0
3454,1042,62,Male,Kolkata,Books,Debit Card,2025-09-11,757.57,0
3813,2096,43,Female,Delhi,Electronics,COD,2025-09-11,7089.95,0
391,2011,39,Male,Bangalore,Fashion,UPI,2025-09-11,1880.34,0
745,1918,34,Female,Mumbai,Sports,Debit Card,2025-09-11,3092.22,0
212,2060,33,Male,Hyderabad,Electronics,UPI,2025-09-11,10324.46,0
1510,1917,52,Male,Bangalore,Fashion,UPI,2025-09-11,3477.24,0
3235,1271,45,Male,Chennai,Home & Furniture,COD,2025-09-12,6383.13,1
635,2095,32,Male,Ahmedabad,Beauty,UPI,2025-09-12,1405.45,1
1747,2026,35,Female,Hyderabad,Fashion,UPI,2025-09-12,3399.19,1
2005,1253,33,Male,Bangalore,Electronics,COD,2025-09-12,6637.76,1
602,1852,49,Male,Ahmedabad,Fashion,UPI,2025-09-12,1697.95,1
2371,2171,29,Female,Hyderabad,Fashion,Debit Card,2025-09-13,2234.82,1
3228,1492,26,Female,Bangalore,Electronics,UPI,2025-09-13,7777.44,0
1473,1725,64,Female,Pune,Electronics,UPI,2025-09-13,8347.36,0
700,2028,28,Male,Bangalore,Fashion,UPI,2025-09-13,4169.99,1
3850,1332,37,Male,Ahmedabad,Fashion,Credit Card,2025-09-13,1336.76,1
3481,2045,61,Male,Chennai,Electronics,Credit Card,2025-09-13,13987.14,0
2317,1074,55,Male,Hyderabad,Fashion,UPI,2025-09-14,3525.93,0
1430,1883,42,Male,Chennai,Grocery,UPI,2025-09-14,1449.59,0
753,1713,52,Female,Ahmedabad,Grocery,COD,2025-09-14,716.28,0
1204,1614,31,Male,Hyderabad,Beauty,UPI,2025-09-14,1296.27,1
3617,1038,38,Male,Delhi,Beauty,UPI,2025-09-14,935.85,1
217,1815,36,Female,Hyderabad,Grocery,UPI,2025-09-14,1325.13,1
3342,1627,53,Male,Hyderabad,Electronics,Debit Card,2025-09-14,11921.09,1
2812,1324,26,Male,Kolkata,Sports,Credit Card,2025-09-14,1991.68,1
2340,2009,59,Male,Mumbai,Grocery,Net Banking,2025-09-14,1502.28,0
3051,2106,42,Female,Pune,Fashion,Credit Card,2025-09-15,2187.2,1
2496,1259,57,Female,Bangalore,Beauty,UPI,2025-09-15,1870.66,0
2019,1982,63,Male,Bangalore,Electronics,Credit Card,2025-09-15,9428.16,1
1743,1973,53,Female,Kolkata,Grocery,COD,2025-09-15,891.06,0
3571,2177,30,Male,Hyderabad,Beauty,Debit Card,2025-09-15,1796.49,0
711,2101,26,Female,Ahmedabad,Beauty,Debit Card,2025-09-15,845.14,1
958,1936,57,Female,Bangalore,Home & Furniture,Net Banking,2025-09-15,5864.13,1
3587,2091,55,Female,Hyderabad,Grocery,UPI,2025-09-15,1539.41,0
505,2191,22,Male,Hyderabad,Home & Furniture,Debit Card,2025-09-16,3657.47,1
2367,1689,25,Male,Delhi,Grocery,UPI,2025-09-16,1730.15,0
1951,1341,29,Female,Pune,Fashion,COD,2025-09-16,1807.82,1
299,1489,56,Male,Hyderabad,Home & Furniture,COD,2025-09-16,4196.87,1
2359,1905,26,Female,Ahmedabad,Grocery,COD,2025-09-16,1232.26,0
1768,1020,37,Male,Pune,Books,COD,2025-09-16,754.83,1
3711,1543,47,Female,Mumbai,Electronics,COD,2025-09-16,6967.67,1
2476,1827,57,Female,Hyderabad,Home & Furniture,Credit Card,2025-09-16,12264.88,0
1194,1882,45,Female,Hyderabad,Home & Furniture,Credit Card,2025-09-16,6094.54,1
1190,1390,58,Female,Ahmedabad,Home & Furniture,COD,2025-09-16,7264.1,0
1316,1954,60,Female,Bangalore,Electronics,UPI,2025-09-16,11700.88,0
887,1996,48,Male,Bangalore,Electronics,UPI,2025-09-17,6248.98,1
1317,1983,32,Male,Kolkata,Electronics,UPI,2025-09-17,13434.7,1
3186,1232,43,Male,Hyderabad,Grocery,Credit Card,2025-09-17,1158.41,0
2914,1498,34,Female,Kolkata,Books,COD,2025-09-17,918.65,0
1787,1493,55,Female,Pune,Books,Debit Card,2025-09-17,622.79,1
2278,1535,36,Male,Bangalore,Electronics,UPI,2025-09-17,9578.12,0
3215,1735,39,Female,Hyderabad,Grocery,Credit Card,2025-09-17,1892.32,1
3115,1564,55,Female,Delhi,Fashion,Credit Card,2025-09-17,2023.02,1
2703,1601,27,Female,Hyderabad,Fashion,UPI,2025-09-17,1523.83,1
586,1882,31,Male,Mumbai,Fashion,UPI,2025-09-18,1882.52,1
2764,1628,42,Female,Pune,Fashion,Debit Card,2025-09-18,2457.66,1
2810,1880,41,Female,Hyderabad,Fashion,Credit Card,2025-09-18,1634.4,1
1397,1885,31,Male,Hyderabad,Grocery,UPI,2025-09-18,1057.83,1
3218,1452,58,Female,Kolkata,Electronics,UPI,2025-09-18,13723.01,0
3650,1489,30,Male,Hyderabad,Home & Furniture,Credit Card,2025-09-18,4316.92,1
491,1633,57,Female,Chennai,Grocery,UPI,2025-09-18,1138.15,1
2301,1830,32,Female,Pune,Beauty,Debit Card,2025-09-18,2133.17,1
439,1825,41,Female,Ahmedabad,Electronics,UPI,2025-09-18,6354.37,1
1680,1383,56,Male,Ahmedabad,Fashion,COD,2025-09-18,3912.58,1
136,2183,20,Male,Hyderabad,Grocery,UPI,2025-09-18,702.93,1
1725,2000,36,Male,Hyderabad,Grocery,Net Banking,2025-09-18,1235.09,1
823,1258,22,Female,Hyderabad,Grocery,UPI,2025-09-19,1264.54,1
2979,2146,34,Male,Hyderabad,Fashion,Debit Card,2025-09-19,2022.6,0
834,1784,39,Male,Bangalore,Electronics,Debit Card,2025-09-19,10901.91,0
3108,2088,46,Female,Ahmedabad,Fashion,Credit Card,2025-09-20,1699.57,1
2627,1333,40,Male,Hyderabad,Grocery,Debit Card,2025-09-20,1031.03,0
1663,2082,47,Male,Pune,Sports,Net Banking,2025-09-20,2074.86,1
3462,1924,46,Female,Delhi,Electronics,Net Banking,2025-09-20,8691.55,1
2420,2109,57,Female,Bangalore,Sports,UPI,2025-09-20,3342.95,1
2497,1989,26,Female,Ahmedabad,Grocery,Credit Card,2025-09-20,1279.15,1
1376,1855,29,Female,Delhi,Home & Furniture,UPI,2025-09-21,4961.89,1
2818,1442,59,Female,Delhi,Fashion,UPI,2025-09-21,4176.59,1
475,1143,42,Female,Mumbai,Fashion,UPI,2025-09-21,8623.03,1
816,1558,23,Male,Delhi,Grocery,UPI,2025-09-21,1546.41,1
1748,1084,40,Female,Hyderabad,Electronics,UPI,2025-09-21,10910.28,0
925,1140,44,Male,Delhi,Home & Furniture,UPI,2025-09-22,9285.34,1
3475,1890,61,Male,Delhi,Fashion,UPI,2025-09-22,1564.75,1
3585,1880,43,Female,Pune,Fashion,UPI,2025-09-22,1820.53,1
338,1612,33,Male,Chennai,Sports,Credit Card,2025-09-22,1655.69,1
3211,1247,53,Male,Ahmedabad,Fashion,UPI,2025-09-22,2592.36,0
2184,1660,42,Female,Mumbai,Grocery,UPI,2025-09-22,1232.89,1
3199,2072,37,Female,Chennai,Electronics,COD,2025-09-22,5467.19,0
2857,2132,35,Female,Mumbai,Electronics,Net Banking,2025-09-22,6636.35,1
2529,2154,62,Male,Hyderabad,Electronics,Credit Card,2025-09-23,6517.96,1
2647,1976,64,Male,Ahmedabad,Home & Furniture,Net Banking,2025-09-23,6699.13,0
3873,1670,34,Female,Delhi,Beauty,Credit Card,2025-09-23,1027.08,0
2049,1404,30,Female,Hyderabad,Electronics,UPI,2025-09-23,6370.77,0
2213,1412,42,Male,Chennai,Electronics,COD,2025-09-23,14729.85,1
3331,1198,24,Male,Kolkata,Grocery,Credit Card,2025-09-24,737.61,1
545,1671,62,Male,Hyderabad,Grocery,UPI,2025-09-24,1406.52,0
128,1095,37,Male,Pune,Fashion,UPI,2025-09-24,2125.75,1
3148,1755,19,Male,Delhi,Grocery,Debit Card,2025-09-24,766.42,1
2010,1286,60,Male,Bangalore,Books,UPI,2025-09-24,1161.38,1
1555,1749,48,Male,Hyderabad,Sports,Credit Card,2025-09-24,2280.44,1
3024,2035,28,Female,Delhi,Electronics,COD,2025-09-25,6387.43,0
116,1766,29,Male,Chennai,Grocery,UPI,2025-09-25,874.63,1
3987,1461,39,Female,Mumbai,Sports,UPI,2025-09-26,4570.77,1
1588,2140,52,Female,Kolkata,Books,Credit Card,2025-09-26,483.18,1
1201,1934,50,Male,Hyderabad,Beauty,Net Banking,2025-09-26,1608.16,1
1911,1054,58,Female,Chennai,Sports,Debit Card,2025-09-26,2301.13,1
867,1992,59,Female,Hyderabad,Sports,Credit Card,2025-09-26,1604.38,1
494,1732,57,Female,Chennai,Books,Credit Card,2025-09-26,781.99,0
3889,1924,50,Male,Delhi,Electronics,Credit Card,2025-09-26,4876.11,1
86,2152,57,Male,Kolkata,Books,UPI,2025-09-26,551.68,0
1310,1987,56,Female,Pune,Fashion,COD,2025-09-26,946.12,0
3317,1353,58,Male,Hyderabad,Books,COD,2025-09-26,684.81,0
72,1337,54,Female,Delhi,Grocery,COD,2025-09-27,667.55,1
2648,1481,30,Male,Hyderabad,Fashion,Debit Card,2025-09-27,2423.35,1
3159,1330,27,Female,Mumbai,Home & Furniture,UPI,2025-09-28,6579.63,0
618,1996,64,Female,Bangalore,Books,Net Banking,2025-09-28,971.77,1
3956,1454,55,Male,Hyderabad,Books,UPI,2025-09-28,731.89,1
3374,1565,48,Male,Hyderabad,Electronics,Credit Card,2025-09-28,5578.06,1
3835,1559,63,Female,Bangalore,Grocery,Debit Card,2025-09-28,1913.48,0
997,1434,53,Female,Delhi,Grocery,UPI,2025-09-28,707.61,0
714,1248,36,Male,Bangalore,Fashion,COD,2025-09-28,1915.01,1
2792,1359,36,Female,Delhi,Grocery,UPI,2025-09-28,1256.23,1
2709,1232,45,Female,Kolkata,Electronics,UPI,2025-09-28,8925.5,1
22,1252,42,Male,Hyderabad,Electronics,UPI,2025-09-29,13343.61,0
2559,1155,56,Female,Hyderabad,Grocery,Credit Card,2025-09-29,1493.76,0
1735,1827,59,Female,Hyderabad,Home & Furniture,Debit Card,2025-09-29,6139.72,1
192,2171,35,Male,Chennai,Electronics,Credit Card,2025-09-29,12030.98,1
2412,2135,59,Male,Hyderabad,Fashion,COD,2025-09-29,2318.01,1
46,1776,32,Female,Kolkata,Sports,UPI,2025-09-29,2942.0,0
1711,1574,33,Male,Hyderabad,Home & Furniture,COD,2025-09-29,1899.85,1
537,1504,59,Female,Delhi,Home & Furniture,UPI,2025-09-29,9012.31,1
1437,1988,45,Female,Kolkata,Grocery,UPI,2025-09-29,2104.27,1
1572,1352,28,Male,Delhi,Fashion,UPI,2025-09-29,2203.38,1
417,1689,61,Male,Delhi,Sports,Credit Card,2025-09-29,3342.4,1
2074,1545,46,Female,Hyderabad,Electronics,UPI,2025-09-29,5546.8,1
34,1562,22,Female,Mumbai,Grocery,Credit Card,2025-09-29,3030.06,0
1628,1459,35,Male,Pune,Home & Furniture,Debit Card,2025-09-30,7392.53,0
1157,1024,63,Female,Chennai,Books,Debit Card,2025-09-30,1152.49,1
3758,1973,36,Female,Ahmedabad,Fashion,Debit Card,2025-09-30,2487.53,0
1162,1101,52,Female,Pune,Fashion,UPI,2025-09-30,3170.3,1
2690,1866,61,Female,Hyderabad,Home & Furniture,Credit Card,2025-09-30,7516.82,1
1084,2138,41,Female,Ahmedabad,Grocery,UPI,2025-09-30,2084.34,0
2333,1916,34,Female,Mumbai,Grocery,COD,2025-09-30,1503.83,0
2595,1855,26,Male,Bangalore,Grocery,Credit Card,2025-09-30,960.57,0
1100,1127,23,Male,Bangalore,Beauty,UPI,2025-09-30,1461.57,0
582,1751,35,Female,Mumbai,Grocery,UPI,2025-09-30,1918.85,1
2604,1979,58,Male,Bangalore,Home & Furniture,UPI,2025-09-30,4942.93,1
88,2086,47,Male,Mumbai,Fashion,Net Banking,2025-09-30,1930.39,1
164,1219,40,Male,Delhi,Beauty,Credit Card,2025-09-30,1044.26,1
1116,1820,36,Female,Bangalore,Grocery,Credit Card,2025-10-01,760.72,0
1614,1317,51,Male,Ahmedabad,Home & Furniture,Credit Card,2025-10-01,3678.65,0
732,1055,42,Male,Pune,Fashion,Debit Card,2025-10-01,4483.12,1
201,1150,30,Male,Pune,Fashion,UPI,2025-10-01,1714.36,1
2547,1836,50,Female,Kolkata,Sports,UPI,2025-10-02,1608.75,1
3434,1680,55,Female,Hyderabad,Home & Furniture,Debit Card,2025-10-02,11459.31,1
448,1191,61,Female,Delhi,Electronics,Debit Card,2025-10-02,9511.17,0
358,1656,34,Female,Kolkata,Grocery,Debit Card,2025-10-02,2121.53,1
3934,1998,48,Male,Pune,Home & Furniture,UPI,2025-10-03,7141.48,0
67,1815,43,Female,Ahmedabad,Beauty,UPI,2025-10-03,1833.74,1
3523,2052,47,Male,Delhi,Electronics,COD,2025-10-03,12932.78,0
1746,1941,41,Female,Bangalore,Grocery,UPI,2025-10-04,1350.79,0
298,1154,30,Female,Ahmedabad,Sports,COD,2025-10-04,4048.75,0
143,1795,57,Female,Mumbai,Beauty,Credit Card,2025-10-04,1285.41,0
705,1644,29,Male,Ahmedabad,Electronics,Debit Card,2025-10-04,12739.96,1
3356,1188,53,Male,Chennai,Home & Furniture,UPI,2025-10-04,6540.42,1
2054,1900,43,Male,Delhi,Grocery,COD,2025-10-05,1264.06,1
607,1104,24,Female,Mumbai,Books,UPI,2025-10-05,536.87,0
64,1201,55,Male,Bangalore,Grocery,COD,2025-10-05,1398.35,1
3190,2048,28,Male,Pune,Home & Furniture,UPI,2025-10-05,10824.32,0
591,1823,36,Male,Hyderabad,Grocery,COD,2025-10-05,484.73,0
2488,1219,54,Male,Pune,Electronics,UPI,2025-10-06,5781.33,1
728,1624,59,Male,Mumbai,Fashion,Debit Card,2025-10-06,3548.53,1
603,1062,61,Male,Delhi,Grocery,Debit Card,2025-10-06,1591.87,1
2964,1200,21,Female,Bangalore,Electronics,UPI,2025-10-06,5298.37,0
3332,1326,49,Female,Chennai,Beauty,UPI,2025-10-06,1133.88,1
3395,2045,46,Male,Mumbai,Books,UPI,2025-10-06,594.61,1
291,1017,62,Female,Hyderabad,Electronics,UPI,2025-10-06,5860.6,1
1367,1588,64,Male,Mumbai,Electronics,Debit Card,2025-10-07,7149.87,1
1232,1545,24,Male,Kolkata,Electronics,Credit Card,2025-10-07,5752.43,0
1495,1587,36,Male,Kolkata,Home & Furniture,Debit Card,2025-10-07,6610.36,1
792,1919,54,Male,Chennai,Fashion,UPI,2025-10-07,2558.81,1
527,1753,48,Male,Kolkata,Home & Furniture,Debit Card,2025-10-07,3008.93,1
975,2184,31,Female,Mumbai,Sports,UPI,2025-10-07,3088.47,1
3833,1434,35,Female,Bangalore,Grocery,Net Banking,2025-10-07,996.85,1
3056,1400,50,Female,Hyderabad,Electronics,UPI,2025-10-07,12463.14,1
3767,1757,56,Male,Kolkata,Electronics,COD,2025-10-07,9348.73,1
193,1863,29,Female,Bangalore,Beauty,Debit Card,2025-10-07,1136.35,0
1580,1515,20,Male,Hyderabad,Grocery,Net Banking,2025-10-08,1697.26,1
3513,1451,56,Female,Chennai,Grocery,UPI,2025-10-08,589.11,1
244,1639,55,Male,Ahmedabad,Electronics,UPI,2025-10-08,7283.18,0
2926,1336,32,Female,Pune,Grocery,UPI,2025-10-08,1522.56,1
3897,1937,62,Male,Kolkata,Home & Furniture,COD,2025-10-08,4771.51,1
2672,1075,54,Male,Bangalore,Beauty,Debit Card,2025-10-08,1659.41,1
587,1255,30,Female,Pune,Electronics,Net Banking,2025-10-08,8247.45,1
3173,2102,18,Female,Delhi,Home & Furniture,Debit Card,2025-10-08,12764.65,1
2128,1498,60,Female,Chennai,Electronics,COD,2025-10-08,6971.24,0
1137,1054,30,Male,Mumbai,Electronics,UPI,2025-10-09,9573.12,0
1079,1631,40,Male,Ahmedabad,Beauty,Credit Card,2025-10-09,752.41,1
2174,1685,26,Male,Pune,Home & Furniture,COD,2025-10-09,5381.65,1
3529,1217,26,Female,Pune,Books,UPI,2025-10-10,637.45,0
3869,2085,52,Male,Kolkata,Sports,UPI,2025-10-10,3616.71,1
3624,1736,30,Female,Ahmedabad,Electronics,Debit Card,2025-10-10,5272.0,1
2881,1998,37,Female,Chennai,Fashion,UPI,2025-10-10,1788.58,1
3676,1874,55,Female,Hyderabad,Sports,Debit Card,2025-10-10,2168.48,1
722,1830,51,Female,Mumbai,Fashion,Credit Card,2025-10-10,3066.71,1
3285,2178,62,Male,Delhi,Fashion,UPI,2025-10-10,2120.76,1
882,1419,49,Male,Pune,Grocery,UPI,2025-10-10,1736.49,1
3382,2061,50,Male,Mumbai,Fashion,UPI,2025-10-11,1790.57,0
249,1469,20,Female,Delhi,Electronics,UPI,2025-10-11,12997.61,1
764,2169,21,Male,Mumbai,Sports,Credit Card,2025-10-11,2598.11,0
814,1112,37,Female,Bangalore,Grocery,UPI,2025-10-12,1084.02,1
2277,1765,33,Female,Hyderabad,Electronics,UPI,2025-10-12,7193.45,1
1031,1327,31,Male,Mumbai,Home & Furniture,Credit Card,2025-10-12,7820.13,1
314,1019,35,Male,Mumbai,Fashion,COD,2025-10-12,3643.95,1
3615,1169,42,Male,Mumbai,Books,UPI,2025-10-12,512.24,1
3405,1766,60,Male,Mumbai,Home & Furniture,Credit Card,2025-10-12,7643.87,1
1761,1943,55,Male,Bangalore,Books,Net Banking,2025-10-12,683.23,0
3839,1715,35,Female,Ahmedabad,Fashion,Credit Card,2025-10-13,2617.66,1
3546,1218,59,Male,Mumbai,Grocery,Credit Card,2025-10-13,1274.06,0
1669,1489,53,Female,Bangalore,Fashion,UPI,2025-10-13,3697.23,1
3113,1117,28,Male,Delhi,Grocery,UPI,2025-10-13,1052.02,1
3735,1824,52,Male,Chennai,Sports,UPI,2025-10-14,1399.22,0
984,1966,41,Male,Chennai,Home & Furniture,Debit Card,2025-10-14,11860.94,1
373,1559,52,Female,Pune,Home & Furniture,COD,2025-10-14,7010.77,1
2196,1859,34,Female,Hyderabad,Beauty,UPI,2025-10-14,1620.87,1
3363,1470,38,Female,Delhi,Home & Furniture,Net Banking,2025-10-14,7322.54,1
3684,1933,18,Female,Mumbai,Grocery,UPI,2025-10-14,1969.38,0
2666,1504,40,Female,Delhi,Sports,UPI,2025-10-15,3237.22,1
1695,1113,42,Female,Delhi,Beauty,COD,2025-10-15,1986.65,1
60,1702,29,Male,Bangalore,Home & Furniture,UPI,2025-10-15,4283.8,1
2249,1697,30,Male,Kolkata,Books,UPI,2025-10-15,625.63,0
3200,1563,25,Male,Hyderabad,Electronics,UPI,2025-10-15,12308.09,1
1758,1974,45,Female,Delhi,Fashion,Credit Card,2025-10-15,2719.9,1
345,1773,31,Male,Chennai,Electronics,Credit Card,2025-10-15,10176.38,1
3715,1806,28,Female,Chennai,Sports,Credit Card,2025-10-15,1350.37,1
2168,1845,21,Male,Pune,Fashion,UPI,2025-10-15,2029.95,1
1222,1920,40,Female,Delhi,Home & Furniture,Net Banking,2025-10-15,7430.83,0
2208,1695,63,Male,Kolkata,Electronics,Credit Card,2025-10-15,7368.03,1
2502,1813,22,Male,Mumbai,Home & Furniture,UPI,2025-10-16,4257.25,0
2408,1609,59,Male,Delhi,Fashion,UPI,2025-10-16,3166.94,1
1117,1454,55,Female,Mumbai,Electronics,UPI,2025-10-16,4379.98,1
1126,1692,62,Female,Kolkata,Beauty,Credit Card,2025-10-16,2116.03,1
3817,1335,31,Female,Chennai,Electronics,Credit Card,2025-10-16,8619.17,1
1479,1394,63,Male,Bangalore,Home & Furniture,Credit Card,2025-10-16,9547.64,1
1253,1576,53,Male,Pune,Beauty,Credit Card,2025-10-16,1983.05,1
1187,1980,63,Male,Hyderabad,Books,UPI,2025-10-17,609.0,0
568,1675,52,Female,Delhi,Beauty,COD,2025-10-17,1514.62,1
2839,1368,36,Male,Pune,Grocery,UPI,2025-10-18,785.99,1
3393,2070,21,Female,Bangalore,Home & Furniture,UPI,2025-10-18,5422.27,1
972,1663,44,Female,Pune,Beauty,Credit Card,2025-10-18,1539.31,0
2697,1880,59,Female,Kolkata,Sports,UPI,2025-10-18,2861.54,1
1058,1699,49,Female,Mumbai,Electronics,Credit Card,2025-10-19,11086.85,0
555,1655,34,Female,Ahmedabad,Fashion,Debit Card,2025-10-19,1677.31,1
2956,2088,36,Female,Bangalore,Electronics,UPI,2025-10-19,6778.12,0
562,1357,64,Male,Bangalore,Grocery,UPI,2025-10-19,994.84,1
3870,1560,38,Female,Hyderabad,Grocery,Net Banking,2025-10-19,975.18,0
397,1340,34,Male,Ahmedabad,Electronics,Net Banking,2025-10-19,9118.71,1
3465,1992,47,Male,Ahmedabad,Fashion,Credit Card,2025-10-19,1652.09,1
3406,1253,34,Female,Chennai,Electronics,COD,2025-10-20,5569.51,0
3172,1411,33,Male,Mumbai,Home & Furniture,UPI,2025-10-20,7155.09,0
2416,1097,42,Male,Kolkata,Home & Furniture,Credit Card,2025-10-20,4181.15,1
3008,2097,50,Female,Delhi,Beauty,UPI,2025-10-20,2396.55,0
3001,2076,56,Male,Bangalore,Beauty,Net Banking,2025-10-20,1805.63,1
2760,1770,52,Female,Hyderabad,Fashion,UPI,2025-10-20,1882.38,1
2039,1767,64,Female,Ahmedabad,Fashion,UPI,2025-10-20,2103.88,1
1701,1344,20,Male,Chennai,Electronics,Net Banking,2025-10-20,20861.82,0
56,2025,37,Male,Kolkata,Home & Furniture,UPI,2025-10-20,8113.02,0
862,1799,59,Male,Delhi,Sports,Debit Card,2025-10-21,2371.85,0
255,1437,55,Male,Chennai,Grocery,Net Banking,2025-10-21,1401.61,0
3685,1120,20,Female,Delhi,Beauty,Net Banking,2025-10-21,1875.65,1
1752,1628,34,Male,Chennai,Home & Furniture,UPI,2025-10-21,7969.67,1
1760,1042,28,Female,Kolkata,Electronics,Credit Card,2025-10-21,6006.5,1
1275,1225,47,Female,Ahmedabad,Home & Furniture,Debit Card,2025-10-21,7679.21,1
3983,1500,27,Male,Hyderabad,Grocery,Debit Card,2025-10-21,1279.4,1
3034,1208,33,Male,Hyderabad,Electronics,UPI,2025-10-21,8768.3,0
163,1641,41,Female,Bangalore,Home & Furniture,UPI,2025-10-21,7065.74,1
2230,2089,43,Male,Hyderabad,Sports,UPI,2025-10-22,3900.86,0
2651,2088,21,Male,Mumbai,Home & Furniture,Debit Card,2025-10-22,4592.53,0
2913,1760,61,Female,Hyderabad,Electronics,Debit Card,2025-10-22,8731.74,1
1141,1405,36,Male,Delhi,Fashion,UPI,2025-10-22,1639.34,1
1719,1488,31,Male,Ahmedabad,Fashion,UPI,2025-10-22,2271.63,1
3898,1843,43,Male,Mumbai,Beauty,Credit Card,2025-10-22,1385.46,1
2194,1234,59,Male,Mumbai,Electronics,COD,2025-10-23,8596.93,1
1844,1630,55,Female,Pune,Home & Furniture,UPI,2025-10-23,9335.33,0
3463,1901,20,Female,Bangalore,Grocery,Credit Card,2025-10-23,967.79,0
2854,1342,49,Male,Chennai,Beauty,UPI,2025-10-23,2423.43,1
982,1155,37,Male,Pune,Electronics,Debit Card,2025-10-24,7982.1,1
3114,1053,50,Female,Delhi,Electronics,UPI,2025-10-24,6460.92,0
3701,2152,34,Male,Hyderabad,Fashion,Credit Card,2025-10-24,2662.58,1
2573,1226,60,Male,Hyderabad,Books,Debit Card,2025-10-24,368.43,0
854,1573,39,Male,Chennai,Electronics,COD,2025-10-24,10490.74,0
1740,1101,44,Female,Mumbai,Fashion,UPI,2025-10-24,1283.39,1
3525,1830,47,Male,Ahmedabad,Sports,UPI,2025-10-24,1382.41,1
3637,1638,29,Male,Delhi,Home & Furniture,Debit Card,2025-10-24,4921.58,1
2668,1131,32,Male,Mumbai,Grocery,Net Banking,2025-10-24,1238.76,1
2024,1189,33,Female,Mumbai,Fashion,UPI,2025-10-24,5215.47,1
2108,2196,49,Male,Kolkata,Electronics,Net Banking,2025-10-24,7693.84,1
24,1856,28,Male,Bangalore,Grocery,UPI,2025-10-25,1675.91,1
3831,1056,56,Male,Mumbai,Home & Furniture,Credit Card,2025-10-25,6219.55,1
2884,1656,29,Male,Bangalore,Books,UPI,2025-10-25,425.79,1
3802,1820,58,Male,Hyderabad,Fashion,UPI,2025-10-25,2221.36,1
1183,1777,21,Female,Hyderabad,Electronics,COD,2025-10-25,7771.25,0
1892,1057,46,Female,Bangalore,Beauty,UPI,2025-10-25,2341.44,0
1299,1215,35,Female,Mumbai,Fashion,Net Banking,2025-10-26,1735.12,1
1996,1127,54,Female,Pune,Electronics,UPI,2025-10-26,9294.92,1
3658,1548,39,Female,Bangalore,Electronics,UPI,2025-10-26,7930.31,1
1617,1503,23,Male,Hyderabad,Home & Furniture,UPI,2025-10-27,8125.65,0
907,1129,59,Female,Pune,Fashion,Credit Card,2025-10-27,1823.07,1
3269,1753,41,Female,Delhi,Beauty,Debit Card,2025-10-27,2391.16,0
2518,2021,23,Male,Pune,Grocery,Credit Card,2025-10-27,2851.16,1
1400,1473,32,Male,Hyderabad,Books,Debit Card,2025-10-27,534.57,1
936,1126,59,Male,Ahmedabad,Beauty,Credit Card,2025-10-27,1790.22,0
3346,2170,18,Female,Mumbai,Fashion,UPI,2025-10-27,1851.59,0
1931,2184,51,Male,Hyderabad,Grocery,Net Banking,2025-10-27,966.77,1
35,1831,40,Female,Kolkata,Books,Debit Card,2025-10-27,388.59,1
420,1690,64,Male,Mumbai,Sports,UPI,2025-10-27,2298.02,0
727,1007,31,Male,Bangalore,Electronics,UPI,2025-10-27,5826.62,1
1032,2077,24,Female,Bangalore,Electronics,Credit Card,2025-10-27,9589.54,0
1500,1091,51,Female,Ahmedabad,Home & Furniture,Credit Card,2025-10-28,8227.97,0
3904,2063,48,Male,Kolkata,Fashion,Credit Card,2025-10-28,1698.43,1
111,1960,48,Female,Pune,Fashion,Debit Card,2025-10-28,1665.77,0
2673,1578,38,Male,Mumbai,Electronics,UPI,2025-10-28,11012.75,1
927,1984,33,Male,Bangalore,Electronics,UPI,2025-10-28,11731.52,1
1146,1364,31,Male,Hyderabad,Fashion,Debit Card,2025-10-28,2480.8,1
3156,1306,64,Male,Mumbai,Beauty,Credit Card,2025-10-29,722.0,1
3750,1757,43,Male,Delhi,Grocery,Net Banking,2025-10-29,1141.67,1
3268,1186,56,Female,Delhi,Beauty,Credit Card,2025-10-29,1914.57,0
3459,1700,20,Male,Bangalore,Books,Debit Card,2025-10-29,530.71,0
3930,1155,45,Male,Ahmedabad,Fashion,Net Banking,2025-10-29,2349.06,1
3741,1494,62,Female,Hyderabad,Electronics,Credit Card,2025-10-29,11442.32,0
1722,1493,53,Female,Bangalore,Fashion,UPI,2025-10-29,2614.83,1
697,1060,18,Male,Pune,Fashion,UPI,2025-10-30,3638.17,1
3333,1153,21,Male,Mumbai,Sports,UPI,2025-10-30,3865.01,0
3050,1140,37,Male,Ahmedabad,Grocery,COD,2025-10-30,1615.33,1
3720,1136,41,Male,Hyderabad,Beauty,Credit Card,2025-10-30,2667.15,1
282,1699,53,Female,Hyderabad,Electronics,UPI,2025-10-30,7839.88,1
2949,1018,36,Male,Hyderabad,Electronics,UPI,2025-10-30,8830.65,0
962,1074,26,Female,Delhi,Beauty,UPI,2025-10-30,1334.45,0
1587,1419,62,Female,Ahmedabad,Electronics,Credit Card,2025-10-31,10443.47,0
1370,2136,27,Female,Bangalore,Sports,UPI,2025-10-31,4087.29,1
3222,1713,55,Male,Chennai,Fashion,UPI,2025-10-31,3627.96,1
2613,1397,59,Female,Hyderabad,Fashion,COD,2025-10-31,2151.09,0
2126,1435,42,Female,Mumbai,Fashion,UPI,2025-10-31,1340.47,1
741,1698,38,Male,Hyderabad,Grocery,UPI,2025-10-31,933.74,0
1247,1376,47,Female,Hyderabad,Electronics,UPI,2025-10-31,14031.59,0
3372,1824,34,Male,Hyderabad,Fashion,Credit Card,2025-10-31,1394.79,1
2916,1081,24,Male,Mumbai,Beauty,UPI,2025-10-31,1737.33,1
501,1953,54,Female,Delhi,Sports,Debit Card,2025-11-01,2382.34,1
1420,1569,63,Female,Kolkata,Electronics,UPI,2025-11-01,9037.85,0
1405,1686,39,Female,Delhi,Grocery,UPI,2025-11-01,1405.58,0
2140,1328,49,Female,Delhi,Home & Furniture,Credit Card,2025-11-01,5069.53,0
3403,1442,49,Female,Chennai,Sports,Debit Card,2025-11-02,2502.72,1
265,1658,48,Male,Chennai,Fashion,Credit Card,2025-11-02,3852.61,1
3646,2014,45,Male,Pune,Fashion,Debit Card,2025-11-02,3029.53,1
530,1455,18,Female,Chennai,Electronics,Credit Card,2025-11-02,10964.7,1
772,1424,24,Male,Hyderabad,Fashion,COD,2025-11-02,1819.57,1
3130,1170,18,Female,Pune,Beauty,Debit Card,2025-11-02,1076.63,0
429,1726,20,Male,Hyderabad,Electronics,UPI,2025-11-02,5538.36,1
1258,1145,35,Female,Bangalore,Electronics,Debit Card,2025-11-03,16099.68,0
2464,1007,41,Female,Bangalore,Fashion,Credit Card,2025-11-03,1446.96,1
855,1131,21,Female,Hyderabad,Sports,UPI,2025-11-03,3193.58,1
2182,1148,43,Male,Kolkata,Fashion,COD,2025-11-03,1568.37,1
1772,1335,26,Male,Kolkata,Beauty,Credit Card,2025-11-03,1709.56,0
2656,1173,53,Female,Kolkata,Books,Net Banking,2025-11-03,495.24,1
3918,1657,63,Male,Chennai,Sports,UPI,2025-11-04,4131.34,1
2013,1344,24,Male,Pune,Grocery,Credit Card,2025-11-04,1140.23,1
1770,1618,39,Female,Chennai,Grocery,UPI,2025-11-04,751.35,1
1723,1018,24,Female,Delhi,Grocery,Debit Card,2025-11-04,1118.51,0
3216,2145,24,Female,Delhi,Electronics,Net Banking,2025-11-04,8049.25,0
1001,1669,31,Male,Bangalore,Fashion,COD,2025-11-04,1774.76,0
108,1098,48,Female,Bangalore,Grocery,Credit Card,2025-11-04,784.8,1
1721,2125,55,Male,Bangalore,Electronics,COD,2025-11-05,11376.8,1
780,1515,34,Female,Kolkata,Home & Furniture,Debit Card,2025-11-05,8318.93,1
426,1498,62,Male,Delhi,Home & Furniture,Credit Card,2025-11-05,4487.24,0
762,1232,29,Female,Mumbai,Grocery,Credit Card,2025-11-05,1256.52,1
1027,1832,33,Female,Hyderabad,Beauty,Credit Card,2025-11-05,1149.26,1
3905,1954,46,Male,Bangalore,Home & Furniture,COD,2025-11-05,4040.93,1
3323,1946,29,Male,Delhi,Electronics,Debit Card,2025-11-05,10814.09,0
826,1009,62,Male,Bangalore,Grocery,Net Banking,2025-11-05,1388.88,1
1657,1796,48,Female,Pune,Beauty,UPI,2025-11-05,2040.56,1
3082,1891,33,Female,Bangalore,Fashion,Net Banking,2025-11-06,3038.65,1
1080,1058,49,Female,Mumbai,Books,Debit Card,2025-11-06,608.62,1
3691,1859,38,Male,Bangalore,Electronics,UPI,2025-11-06,7768.95,1
2431,1531,50,Male,Pune,Fashion,UPI,2025-11-06,2608.62,1
401,1521,36,Male,Mumbai,Grocery,Net Banking,2025-11-06,906.85,1
3772,1362,48,Female,Pune,Electronics,UPI,2025-11-06,10134.19,1
3255,1244,59,Male,Mumbai,Sports,UPI,2025-11-06,4130.11,0
243,1400,55,Male,Bangalore,Home & Furniture,Credit Card,2025-11-06,13231.68,0
2273,1697,57,Female,Hyderabad,Electronics,UPI,2025-11-07,11840.89,1
1804,1311,52,Male,Kolkata,Fashion,Net Banking,2025-11-07,2726.59,1
671,2129,35,Male,Pune,Grocery,UPI,2025-11-07,907.27,0
1883,1955,59,Male,Bangalore,Beauty,Debit Card,2025-11-07,2800.46,1
2369,1638,46,Male,Bangalore,Books,Credit Card,2025-11-07,1028.7,1
3829,1941,47,Female,Bangalore,Fashion,Credit Card,2025-11-07,2552.31,1
1089,1493,52,Female,Delhi,Fashion,UPI,2025-11-07,2870.37,0
730,1302,47,Female,Hyderabad,Grocery,Debit Card,2025-11-07,1464.26,1
3197,1862,25,Male,Kolkata,Electronics,Net Banking,2025-11-07,8645.09,0
2260,1201,59,Male,Bangalore,Grocery,Net Banking,2025-11-08,1226.55,1
1182,1046,42,Female,Chennai,Grocery,Credit Card,2025-11-08,1300.3,1
663,1434,63,Female,Hyderabad,Grocery,UPI,2025-11-08,1055.82,1
1354,1699,62,Female,Bangalore,Home & Furniture,UPI,2025-11-08,5114.46,0
1023,1161,48,Male,Pune,Electronics,Credit Card,2025-11-08,10179.59,1
3413,1435,53,Male,Kolkata,Fashion,UPI,2025-11-08,1744.26,1
1255,2165,44,Female,Delhi,Grocery,UPI,2025-11-09,891.53,1
868,1664,47,Female,Mumbai,Fashion,UPI,2025-11-09,1258.78,0
550,1885,34,Male,Bangalore,Books,UPI,2025-11-09,428.15,0
821,1138,33,Male,Mumbai,Grocery,UPI,2025-11-09,848.93,0
532,1894,57,Male,Hyderabad,Electronics,Debit Card,2025-11-10,7750.66,0
3043,1632,40,Female,Mumbai,Fashion,Credit Card,2025-11-10,2718.24,1
2449,1446,64,Female,Pune,Grocery,UPI,2025-11-10,944.03,0
3099,1273,40,Female,Hyderabad,Electronics,Debit Card,2025-11-10,7650.92,0
1519,1105,38,Male,Pune,Electronics,UPI,2025-11-10,4696.58,1
2090,2153,49,Male,Ahmedabad,Fashion,Credit Card,2025-11-10,1713.74,1
1526,2096,60,Female,Kolkata,Fashion,COD,2025-11-11,3508.52,1
2036,1123,58,Male,Ahmedabad,Grocery,Debit Card,2025-11-11,1949.81,1
1276,2176,39,Female,Bangalore,Beauty,UPI,2025-11-11,2583.49,0
2963,2151,20,Female,Delhi,Fashion,COD,2025-11-11,3015.57,1
1705,2170,37,Male,Delhi,Electronics,Debit Card,2025-11-11,6386.89,1
3315,2064,51,Male,Kolkata,Grocery,Credit Card,2025-11-11,1098.83,1
3464,1888,43,Female,Hyderabad,Home & Furniture,Credit Card,2025-11-11,6155.94,1
1328,1972,54,Female,Ahmedabad,Electronics,UPI,2025-11-11,7690.12,0
2337,1355,29,Female,Ahmedabad,Sports,UPI,2025-11-11,2423.3,1
2310,1400,23,Female,Hyderabad,Sports,UPI,2025-11-11,2684.21,1
813,1531,46,Male,Pune,Grocery,Credit Card,2025-11-11,1517.6,0
3932,1867,60,Female,Delhi,Grocery,UPI,2025-11-11,1149.58,0
453,1095,48,Female,Hyderabad,Grocery,Debit Card,2025-11-12,1655.92,0
3038,1324,56,Male,Bangalore,Fashion,UPI,2025-11-12,1499.94,1
280,1606,30,Male,Ahmedabad,Books,UPI,2025-11-12,498.73,1
2917,1603,58,Female,Pune,Home & Furniture,Net Banking,2025-11-12,9329.07,1
2836,1645,52,Female,Hyderabad,Electronics,COD,2025-11-12,8559.1,0
3516,2107,35,Male,Mumbai,Sports,UPI,2025-11-12,3900.41,1
1281,1225,47,Female,Delhi,Electronics,Credit Card,2025-11-12,8803.22,1
2797,1678,24,Female,Hyderabad,Fashion,COD,2025-11-12,3362.23,0
977,1284,46,Female,Bangalore,Home & Furniture,COD,2025-11-12,2638.04,0
2224,1873,33,Female,Hyderabad,Beauty,UPI,2025-11-13,796.38,0
2665,1532,48,Male,Bangalore,Beauty,UPI,2025-11-13,1626.89,1
65,1995,20,Male,Bangalore,Fashion,UPI,2025-11-13,3307.03,0
649,1623,47,Female,Hyderabad,Fashion,UPI,2025-11-13,2975.21,1
3300,1717,33,Male,Hyderabad,Fashion,UPI,2025-11-13,3225.5,1
3634,2184,35,Female,Hyderabad,Home & Furniture,Net Banking,2025-11-13,4904.12,1
1340,2170,19,Female,Delhi,Grocery,Debit Card,2025-11-14,1162.37,0
495,1234,27,Male,Bangalore,Fashion,UPI,2025-11-14,2441.01,0
2487,1928,19,Male,Pune,Home & Furniture,Credit Card,2025-11-14,4501.21,1
1336,1697,51,Female,Kolkata,Sports,COD,2025-11-14,1517.03,0
3031,2177,49,Male,Chennai,Sports,UPI,2025-11-14,4283.68,1
3543,1165,43,Male,Hyderabad,Books,Credit Card,2025-11-15,549.13,1
270,1157,48,Female,Delhi,Fashion,Credit Card,2025-11-15,3083.94,0
1462,1377,37,Female,Bangalore,Fashion,Debit Card,2025-11-15,2537.11,0
327,1574,48,Male,Mumbai,Fashion,Credit Card,2025-11-15,1711.17,1
585,1389,31,Female,Chennai,Sports,Credit Card,2025-11-15,4902.87,1
905,1323,64,Female,Ahmedabad,Home & Furniture,UPI,2025-11-15,4268.26,0
953,1968,49,Female,Ahmedabad,Fashion,Debit Card,2025-11-15,3172.39,1
2768,2104,37,Female,Delhi,Fashion,Net Banking,2025-11-15,1129.91,1
380,1246,56,Male,Delhi,Beauty,UPI,2025-11-16,2342.93,1
3548,1229,56,Male,Mumbai,Fashion,Net Banking,2025-11-16,1925.61,1
639,1437,56,Female,Hyderabad,Home & Furniture,Debit Card,2025-11-16,4573.07,1
3100,2026,45,Female,Bangalore,Fashion,Credit Card,2025-11-16,1934.96,0
1056,1146,63,Female,Chennai,Grocery,Debit Card,2025-11-16,1001.06,0
778,1276,60,Female,Pune,Sports,UPI,2025-11-16,1785.75,1
335,2077,52,Female,Bangalore,Electronics,Debit Card,2025-11-16,10298.1,1
3887,1894,23,Male,Hyderabad,Beauty,Debit Card,2025-11-16,924.15,1
2256,2177,45,Male,Mumbai,Electronics,Debit Card,2025-11-16,4823.36,1
1928,1977,35,Female,Mumbai,Grocery,Debit Card,2025-11-16,940.2,1
1199,1989,46,Female,Bangalore,Home & Furniture,UPI,2025-11-16,10265.5,1
630,1448,19,Male,Hyderabad,Fashion,UPI,2025-11-17,1441.34,1
2270,1515,63,Female,Ahmedabad,Sports,UPI,2025-11-17,3570.56,1
1151,1712,28,Male,Bangalore,Fashion,UPI,2025-11-17,1637.34,1
3775,1957,57,Female,Delhi,Electronics,UPI,2025-11-17,8754.55,1
2037,1421,37,Female,Kolkata,Electronics,Credit Card,2025-11-17,6362.89,1
225,1586,49,Female,Delhi,Electronics,Debit Card,2025-11-17,9771.7,0
1359,1760,22,Male,Mumbai,Fashion,Credit Card,2025-11-18,1786.94,1
761,1066,59,Female,Mumbai,Fashion,Net Banking,2025-11-18,2484.87,1
3491,1463,59,Female,Mumbai,Electronics,Debit Card,2025-11-18,10039.31,1
354,1268,28,Male,Ahmedabad,Fashion,Credit Card,2025-11-18,2041.65,0
2754,1449,50,Female,Chennai,Sports,Credit Card,2025-11-18,3254.86,1
1870,1620,23,Female,Pune,Fashion,Credit Card,2025-11-18,3133.49,1
2439,1212,25,Male,Bangalore,Electronics,UPI,2025-11-18,7789.88,0
3703,1139,20,Male,Bangalore,Fashion,Debit Card,2025-11-18,3131.61,1
3360,2027,35,Male,Hyderabad,Books,Debit Card,2025-11-19,943.0,1
3073,1978,33,Male,Bangalore,Fashion,Debit Card,2025-11-19,1860.15,1
1549,2013,37,Female,Hyderabad,Home & Furniture,Credit Card,2025-11-19,5059.76,0
511,2188,28,Male,Ahmedabad,Electronics,Net Banking,2025-11-19,12307.45,1
150,1648,56,Male,Hyderabad,Home & Furniture,Debit Card,2025-11-19,6168.71,1
3738,1456,54,Female,Bangalore,Fashion,UPI,2025-11-19,1392.57,0
454,1662,37,Female,Hyderabad,Home & Furniture,UPI,2025-11-19,10918.23,1
89,2162,34,Female,Kolkata,Beauty,Credit Card,2025-11-19,1872.66,1
1396,1400,26,Male,Hyderabad,Sports,Credit Card,2025-11-19,4005.12,1
2615,1933,56,Male,Hyderabad,Electronics,UPI,2025-11-19,8438.76,1
2172,1413,60,Female,Ahmedabad,Electronics,UPI,2025-11-20,9233.48,0
1121,1701,30,Female,Bangalore,Books,Debit Card,2025-11-20,1230.6,0
1202,1994,53,Female,Mumbai,Electronics,UPI,2025-11-20,7634.47,0
1191,1334,40,Female,Mumbai,Grocery,UPI,2025-11-20,967.8,1
1433,2107,60,Male,Hyderabad,Beauty,Debit Card,2025-11-20,1819.06,0
3500,1516,23,Female,Hyderabad,Electronics,UPI,2025-11-20,8606.84,1
774,1691,63,Female,Mumbai,Books,Credit Card,2025-11-20,422.91,1
828,1171,40,Male,Pune,Grocery,Net Banking,2025-11-21,2296.67,1
3832,1657,30,Female,Kolkata,Grocery,Credit Card,2025-11-21,1895.09,0
3957,1103,40,Female,Ahmedabad,Fashion,Credit Card,2025-11-21,1632.39,0
2729,1102,60,Male,Kolkata,Home & Furniture,Debit Card,2025-11-21,3783.73,1
2829,1484,18,Female,Hyderabad,Books,UPI,2025-11-21,690.25,1
3451,2151,22,Female,Mumbai,Home & Furniture,UPI,2025-11-21,4413.67,1
1135,1743,40,Male,Chennai,Books,UPI,2025-11-21,983.37,0
546,1172,33,Male,Kolkata,Home & Furniture,COD,2025-11-22,8217.52,0
4,2095,60,Male,Mumbai,Sports,Credit Card,2025-11-22,1732.74,1
3449,2123,51,Male,Ahmedabad,Fashion,Net Banking,2025-11-22,3372.31,1
2883,1516,45,Male,Kolkata,Electronics,COD,2025-11-22,5491.16,1
1203,1401,31,Male,Bangalore,Grocery,UPI,2025-11-22,1417.74,1
478,2122,22,Male,Chennai,Home & Furniture,UPI,2025-11-23,6961.42,0
3432,1312,20,Female,Bangalore,Beauty,Credit Card,2025-11-23,1111.94,1
3591,2187,55,Female,Delhi,Electronics,UPI,2025-11-23,8271.38,1
1160,1107,45,Male,Pune,Fashion,UPI,2025-11-23,2489.93,0
3845,1824,44,Male,Chennai,Grocery,Credit Card,2025-11-23,786.5,1
3848,1081,54,Male,Bangalore,Fashion,UPI,2025-11-23,2147.22,0
3885,1582,20,Male,Bangalore,Electronics,UPI,2025-11-23,9842.49,0
744,2026,24,Male,Pune,Fashion,UPI,2025-11-24,2590.94,1
3309,1323,22,Male,Kolkata,Fashion,Net Banking,2025-11-24,2313.87,1
1498,1591,43,Male,Mumbai,Grocery,Credit Card,2025-11-24,1922.66,0
250,2045,62,Female,Hyderabad,Beauty,UPI,2025-11-24,785.94,0
3933,1902,28,Female,Delhi,Electronics,Credit Card,2025-11-24,13105.18,0
1048,1734,32,Male,Hyderabad,Electronics,UPI,2025-11-24,3747.41,1
1944,1968,60,Female,Ahmedabad,Electronics,UPI,2025-11-24,13694.36,1
2655,1437,47,Female,Mumbai,Home & Furniture,UPI,2025-11-24,3931.5,1
2807,1125,47,Male,Chennai,Electronics,Credit Card,2025-11-24,7974.35,1
2006,2153,45,Female,Pune,Beauty,UPI,2025-11-24,1544.26,1
1602,1099,42,Male,Bangalore,Electronics,COD,2025-11-24,11250.37,1
683,1204,60,Male,Delhi,Home & Furniture,Debit Card,2025-11-25,8400.83,1
3922,1504,26,Female,Hyderabad,Beauty,COD,2025-11-25,2626.39,1
1913,2035,23,Male,Bangalore,Electronics,Credit Card,2025-11-25,4291.28,0
2360,1204,19,Male,Mumbai,Books,Credit Card,2025-11-25,1432.22,1
1974,1821,51,Male,Delhi,Fashion,Net Banking,2025-11-25,1166.52,1
2142,1462,26,Female,Hyderabad,Beauty,Debit Card,2025-11-25,1134.06,0
2649,1727,32,Female,Ahmedabad,Grocery,UPI,2025-11-25,863.03,1
3164,2068,62,Female,Chennai,Fashion,UPI,2025-11-25,3992.97,1
588,1708,24,Male,Hyderabad,Electronics,Credit Card,2025-11-25,7016.42,1
341,2076,32,Male,Hyderabad,Books,Debit Card,2025-11-26,506.44,1
3697,1302,61,Female,Mumbai,Home & Furniture,COD,2025-11-26,9175.85,1
175,1766,57,Female,Delhi,Beauty,UPI,2025-11-26,1475.96,1
2901,1665,59,Male,Bangalore,Fashion,Debit Card,2025-11-26,2410.36,1
188,1763,26,Male,Bangalore,Fashion,Debit Card,2025-11-26,2372.25,0
3313,1153,28,Female,Hyderabad,Home & Furniture,COD,2025-11-26,6223.75,1
3920,1383,54,Male,Hyderabad,Beauty,UPI,2025-11-27,2257.61,0
1090,1003,37,Female,Pune,Books,UPI,2025-11-27,582.12,1
561,1967,31,Female,Ahmedabad,Grocery,UPI,2025-11-27,858.6,1
3731,1464,19,Female,Delhi,Sports,UPI,2025-11-27,3407.57,0
1677,1426,40,Female,Delhi,Fashion,UPI,2025-11-27,1745.53,0
147,1627,46,Male,Ahmedabad,Electronics,Debit Card,2025-11-27,7605.8,1
3955,1365,39,Female,Bangalore,Electronics,UPI,2025-11-27,7604.2,1
3554,1402,50,Male,Kolkata,Beauty,Credit Card,2025-11-27,1860.97,1
425,1011,31,Female,Bangalore,Sports,Debit Card,2025-11-27,1756.78,0
2343,1791,59,Female,Delhi,Grocery,Credit Card,2025-11-28,1376.49,0
2022,1148,31,Male,Kolkata,Fashion,Debit Card,2025-11-28,1762.65,1
1124,2019,45,Female,Delhi,Fashion,UPI,2025-11-28,3862.57,0
2202,1282,43,Male,Ahmedabad,Electronics,UPI,2025-11-28,17802.76,1
3662,1769,46,Male,Hyderabad,Fashion,Debit Card,2025-11-28,1392.16,1
2985,1321,19,Female,Delhi,Fashion,UPI,2025-11-29,1202.52,1
3367,1580,64,Male,Hyderabad,Fashion,Debit Card,2025-11-29,1991.61,1
2746,2107,45,Male,Pune,Grocery,UPI,2025-11-29,1393.4,1
1806,1297,48,Male,Pune,Fashion,UPI,2025-11-29,2830.74,1
161,1112,35,Female,Bangalore,Grocery,UPI,2025-11-29,1162.55,0
1341,1335,61,Female,Bangalore,Beauty,UPI,2025-11-29,2448.63,1
3852,1334,21,Female,Chennai,Fashion,COD,2025-11-29,1477.88,1
3153,1483,29,Female,Mumbai,Electronics,UPI,2025-11-29,9564.74,0
1407,1715,54,Male,Kolkata,Books,Debit Card,2025-11-29,521.31,1
2248,2124,50,Female,Hyderabad,Home & Furniture,UPI,2025-11-29,3778.64,0
3950,1827,61,Female,Delhi,Sports,UPI,2025-11-29,1911.47,1
363,1116,38,Male,Bangalore,Grocery,COD,2025-11-30,599.36,0
1839,1580,35,Female,Kolkata,Electronics,Debit Card,2025-11-30,12527.42,1
202,1262,34,Female,Hyderabad,Books,UPI,2025-11-30,823.27,1
1165,1274,64,Male,Kolkata,Sports,Debit Card,2025-11-30,2232.71,1
1547,1970,59,Male,Mumbai,Grocery,Debit Card,2025-11-30,1405.93,1
2990,1507,43,Male,Mumbai,Home & Furniture,UPI,2025-11-30,3217.77,0
879,2038,19,Female,Delhi,Grocery,COD,2025-12-01,1329.75,1
414,1895,33,Female,Kolkata,Electronics,UPI,2025-12-01,9517.76,1
2514,1130,52,Female,Delhi,Books,Credit Card,2025-12-01,625.93,1
2707,1617,25,Female,Bangalore,Books,COD,2025-12-01,610.05,1
2493,1927,29,Female,Chennai,Beauty,UPI,2025-12-01,2085.32,1
2718,1906,48,Male,Mumbai,Fashion,COD,2025-12-01,5278.67,1
3635,1330,56,Male,Hyderabad,Electronics,Debit Card,2025-12-01,11995.16,1
1779,1323,20,Female,Hyderabad,Electronics,Debit Card,2025-12-01,6581.33,0
3602,1369,23,Male,Delhi,Fashion,Debit Card,2025-12-02,1070.45,1
1877,2093,33,Female,Bangalore,Electronics,Net Banking,2025-12-02,18019.52,0
1476,1116,52,Male,Kolkata,Fashion,UPI,2025-12-02,1722.19,1
3421,2104,59,Female,Hyderabad,Books,UPI,2025-12-02,644.12,1
3976,1802,56,Male,Bangalore,Grocery,UPI,2025-12-02,957.02,1
3708,1060,63,Male,Mumbai,Electronics,Debit Card,2025-12-02,7780.23,1
1496,1888,45,Male,Mumbai,Grocery,Credit Card,2025-12-03,1095.65,0
2440,1078,47,Male,Ahmedabad,Electronics,UPI,2025-12-03,12345.75,1
1399,1021,24,Female,Bangalore,Electronics,Credit Card,2025-12-03,5984.27,1
2801,1420,57,Male,Kolkata,Grocery,UPI,2025-12-03,1187.85,0
2381,2154,40,Male,Hyderabad,Fashion,Debit Card,2025-12-03,2695.1,0
3811,1024,33,Female,Pune,Electronics,Credit Card,2025-12-03,11179.28,0
1579,1804,57,Male,Kolkata,Beauty,UPI,2025-12-03,1543.26,1
2231,1936,31,Female,Mumbai,Fashion,Debit Card,2025-12-03,1752.43,1
2144,1962,34,Female,Kolkata,Beauty,Credit Card,2025-12-04,1590.17,1
3423,1894,32,Male,Pune,Fashion,Credit Card,2025-12-04,1533.7,1
1937,1480,24,Female,Chennai,Home & Furniture,Debit Card,2025-12-04,6516.57,1
1192,1628,62,Male,Hyderabad,Grocery,UPI,2025-12-04,1669.97,0
2332,1048,34,Female,Chennai,Fashion,Debit Card,2025-12-04,1960.73,1
2998,1912,22,Male,Bangalore,Electronics,UPI,2025-12-05,7215.68,1
2056,2036,32,Male,Mumbai,Grocery,Net Banking,2025-12-05,1673.51,0
131,1748,27,Male,Mumbai,Beauty,Debit Card,2025-12-05,1746.38,1
233,1877,30,Female,Ahmedabad,Fashion,Debit Card,2025-12-05,1292.7,0
1300,1002,48,Female,Bangalore,Home & Furniture,UPI,2025-12-05,3495.48,1
1106,2176,22,Male,Mumbai,Fashion,Net Banking,2025-12-05,3369.33,0
208,1001,44,Female,Bangalore,Electronics,COD,2025-12-05,5594.82,1
312,1035,63,Female,Chennai,Sports,Credit Card,2025-12-05,2354.23,0
500,2097,62,Male,Hyderabad,Sports,UPI,2025-12-05,1590.87,1
1039,2101,64,Male,Mumbai,Books,Credit Card,2025-12-06,451.25,1
1381,1413,36,Female,Kolkata,Fashion,Credit Card,2025-12-06,3378.07,1
2475,1553,43,Female,Hyderabad,Grocery,UPI,2025-12-06,1304.21,1
123,1891,28,Female,Chennai,Electronics,Credit Card,2025-12-06,6996.42,1
1864,1699,19,Male,Hyderabad,Electronics,UPI,2025-12-07,9321.43,1
2434,2091,37,Female,Bangalore,Electronics,Debit Card,2025-12-07,4215.79,0
2286,1663,35,Female,Pune,Home & Furniture,COD,2025-12-07,6383.78,0
682,1052,28,Female,Chennai,Electronics,UPI,2025-12-07,6122.75,1
2855,1946,44,Female,Bangalore,Electronics,UPI,2025-12-07,9112.67,1
508,1794,18,Female,Delhi,Electronics,UPI,2025-12-07,8912.44,1
3644,1869,18,Male,Delhi,Beauty,UPI,2025-12-07,1875.26,0
2312,1659,43,Male,Pune,Sports,UPI,2025-12-07,3350.43,0
849,1724,22,Female,Hyderabad,Beauty,Credit Card,2025-12-07,1152.23,0
251,1749,51,Female,Bangalore,Home & Furniture,UPI,2025-12-07,16385.48,0
1851,1649,31,Female,Kolkata,Electronics,UPI,2025-12-07,18740.41,1
179,1197,61,Male,Mumbai,Home & Furniture,UPI,2025-12-07,4046.4,1
2553,1892,52,Female,Bangalore,Fashion,COD,2025-12-08,2120.36,1
3995,1137,45,Male,Chennai,Electronics,UPI,2025-12-08,6714.1,1
196,1550,32,Female,Delhi,Books,Credit Card,2025-12-08,561.25,0
2315,1077,38,Male,Hyderabad,Fashion,UPI,2025-12-08,1459.07,1
372,2141,58,Female,Pune,Sports,UPI,2025-12-08,1599.02,1
220,1403,35,Male,Mumbai,Fashion,UPI,2025-12-08,3427.36,1
2618,1464,34,Male,Chennai,Home & Furniture,UPI,2025-12-08,8985.3,1
2287,2132,29,Female,Bangalore,Electronics,Net Banking,2025-12-08,15555.17,1
3422,1488,46,Female,Kolkata,Sports,Net Banking,2025-12-08,2661.87,1
540,1933,32,Male,Chennai,Fashion,Net Banking,2025-12-09,4376.06,1
1831,1530,30,Female,Hyderabad,Beauty,UPI,2025-12-09,1254.38,0
574,1040,51,Female,Hyderabad,Home & Furniture,COD,2025-12-09,6403.59,1
831,2191,60,Female,Kolkata,Fashion,Net Banking,2025-12-09,3039.38,0
1533,1382,35,Male,Delhi,Home & Furniture,Credit Card,2025-12-09,4606.36,1
571,1539,39,Male,Delhi,Electronics,Debit Card,2025-12-09,10666.45,1
1582,1531,50,Male,Chennai,Electronics,COD,2025-12-09,5056.68,1
3248,1885,19,Female,Chennai,Fashion,UPI,2025-12-09,2938.45,0
551,1202,43,Male,Delhi,Beauty,UPI,2025-12-09,1712.23,1
3212,1945,37,Male,Mumbai,Electronics,Net Banking,2025-12-09,11615.4,0
2305,1762,54,Male,Kolkata,Beauty,UPI,2025-12-09,727.9,1
3223,1301,45,Female,Delhi,Grocery,Credit Card,2025-12-09,1110.3,1
709,2069,35,Male,Pune,Fashion,Credit Card,2025-12-09,1526.84,0
3599,2189,27,Male,Delhi,Books,Debit Card,2025-12-09,598.36,0
94,1378,24,Male,Bangalore,Sports,Credit Card,2025-12-09,1705.35,1
2264,2080,30,Male,Hyderabad,Beauty,Debit Card,2025-12-09,1314.2,0
1736,1604,34,Male,Delhi,Grocery,Net Banking,2025-12-09,1376.79,0
2026,1262,49,Male,Ahmedabad,Home & Furniture,UPI,2025-12-09,4820.51,1
2457,1600,54,Female,Hyderabad,Grocery,COD,2025-12-09,1358.41,0
2274,2078,19,Male,Bangalore,Grocery,UPI,2025-12-09,794.44,1
1916,1514,40,Female,Mumbai,Books,UPI,2025-12-10,348.3,0
2853,1820,63,Female,Pune,Home & Furniture,COD,2025-12-10,5943.06,1
1517,1142,43,Male,Pune,Grocery,COD,2025-12-10,825.49,0
1769,1406,49,Male,Bangalore,Fashion,Debit Card,2025-12-10,3406.72,1
460,1061,42,Male,Hyderabad,Electronics,UPI,2025-12-10,15026.92,1
263,2019,20,Female,Kolkata,Fashion,Debit Card,2025-12-10,2003.29,0
68,1455,47,Male,Hyderabad,Grocery,UPI,2025-12-10,1876.9,0
2162,1521,35,Male,Hyderabad,Electronics,Credit Card,2025-12-11,10702.15,1
16,1385,38,Male,Kolkata,Grocery,COD,2025-12-11,1999.68,0
1817,2049,32,Male,Delhi,Grocery,Debit Card,2025-12-11,1358.32,1
2508,1669,32,Male,Chennai,Grocery,UPI,2025-12-11,788.95,1
2927,1880,31,Male,Hyderabad,Beauty,Debit Card,2025-12-11,1969.82,1
666,1165,46,Female,Bangalore,Fashion,UPI,2025-12-11,2113.64,0
2874,1508,35,Male,Ahmedabad,Electronics,UPI,2025-12-12,6747.37,1
541,2140,34,Male,Hyderabad,Beauty,UPI,2025-12-12,1628.38,1
1826,2072,41,Female,Delhi,Books,UPI,2025-12-12,275.83,1
2659,1658,39,Male,Hyderabad,Electronics,Debit Card,2025-12-12,7553.57,1
1849,1987,34,Female,Mumbai,Beauty,UPI,2025-12-12,1845.07,1
301,2127,45,Female,Hyderabad,Electronics,UPI,2025-12-12,10395.41,0
3191,1506,25,Female,Bangalore,Home & Furniture,UPI,2025-12-13,5679.65,1
366,2012,23,Male,Mumbai,Beauty,COD,2025-12-13,2128.12,1
2205,1460,53,Female,Bangalore,Books,UPI,2025-12-13,744.02,1
519,1875,45,Male,Mumbai,Electronics,UPI,2025-12-13,13820.03,0
2695,1997,27,Female,Pune,Books,Debit Card,2025-12-13,491.59,1
513,1499,61,Female,Hyderabad,Electronics,UPI,2025-12-13,6532.81,0
1129,1148,36,Female,Pune,Electronics,Debit Card,2025-12-14,9148.27,1
1633,1629,21,Female,Mumbai,Home & Furniture,UPI,2025-12-14,6965.49,1
1561,1913,40,Male,Mumbai,Electronics,Credit Card,2025-12-14,5684.97,1
3132,1739,52,Male,Bangalore,Fashion,UPI,2025-12-14,3099.69,1
1238,1813,51,Male,Bangalore,Grocery,UPI,2025-12-14,1703.71,1
2558,1247,30,Female,Chennai,Beauty,Credit Card,2025-12-14,1204.66,1
864,2046,24,Male,Hyderabad,Home & Furniture,Credit Card,2025-12-14,9525.61,0
3541,1207,57,Male,Delhi,Electronics,Credit Card,2025-12-14,8352.85,1
3124,1386,19,Male,Pune,Fashion,UPI,2025-12-14,2089.03,0
3060,1631,56,Male,Mumbai,Home & Furniture,UPI,2025-12-15,4488.56,1
3121,1397,48,Female,Chennai,Books,UPI,2025-12-15,925.62,0
3469,1282,20,Female,Chennai,Electronics,UPI,2025-12-15,6417.2,1
3157,1456,23,Male,Mumbai,Sports,Debit Card,2025-12-15,2929.9,0
479,1395,23,Female,Delhi,Grocery,UPI,2025-12-16,1828.29,1
3515,2164,43,Female,Bangalore,Fashion,Credit Card,2025-12-16,2312.67,1
3825,1961,34,Male,Mumbai,Home & Furniture,UPI,2025-12-16,7495.21,1
2772,1985,38,Female,Kolkata,Electronics,COD,2025-12-16,8421.46,0
2388,1424,61,Female,Bangalore,Electronics,UPI,2025-12-16,10897.48,0
2477,1467,29,Male,Mumbai,Grocery,Debit Card,2025-12-16,853.42,1
1948,1261,31,Female,Mumbai,Fashion,Credit Card,2025-12-16,2380.43,1
2481,1386,45,Male,Kolkata,Fashion,Debit Card,2025-12-16,2321.6,0
1169,2040,21,Female,Hyderabad,Electronics,UPI,2025-12-16,8726.66,0
1727,1821,33,Male,Mumbai,Beauty,Net Banking,2025-12-17,1829.64,0
1745,1961,23,Male,Kolkata,Fashion,UPI,2025-12-17,1807.01,0
1813,1140,32,Female,Hyderabad,Fashion,Credit Card,2025-12-17,2225.74,1
313,1684,47,Female,Chennai,Grocery,Debit Card,2025-12-17,1135.69,1
232,1913,36,Male,Mumbai,Home & Furniture,UPI,2025-12-17,5321.79,1
1836,1914,31,Male,Hyderabad,Grocery,UPI,2025-12-17,1447.62,1
2667,1178,37,Female,Bangalore,Electronics,Debit Card,2025-12-17,7524.34,0
326,1050,61,Male,Chennai,Home & Furniture,UPI,2025-12-17,5458.87,0
1445,2186,45,Female,Pune,Grocery,COD,2025-12-17,1926.49,1
871,1502,38,Female,Hyderabad,Sports,UPI,2025-12-17,3400.74,1
1444,2185,37,Female,Pune,Home & Furniture,Credit Card,2025-12-17,7362.45,0
2134,1519,63,Male,Mumbai,Fashion,COD,2025-12-17,5255.26,0
3675,1134,19,Female,Delhi,Books,Debit Card,2025-12-17,1118.86,1
858,1088,51,Male,Pune,Fashion,UPI,2025-12-18,3674.98,1
1606,1525,59,Female,Hyderabad,Sports,UPI,2025-12-18,2826.97,1
1926,2107,34,Male,Chennai,Fashion,Credit Card,2025-12-18,3357.65,0
1827,2177,57,Female,Hyderabad,Electronics,UPI,2025-12-18,8009.26,1
1792,1105,28,Female,Hyderabad,Sports,UPI,2025-12-18,4506.36,1
2828,1541,34,Female,Hyderabad,Home & Furniture,UPI,2025-12-18,7611.85,1
1554,2170,62,Male,Pune,Fashion,UPI,2025-12-19,1386.96,1
3657,1864,52,Female,Hyderabad,Beauty,Credit Card,2025-12-19,1538.69,1
76,1216,43,Male,Chennai,Fashion,COD,2025-12-19,1891.99,0
3456,1077,59,Male,Kolkata,Electronics,UPI,2025-12-19,6979.71,0
360,1830,49,Male,Chennai,Grocery,Credit Card,2025-12-19,1229.69,1
3489,1594,63,Female,Chennai,Electronics,UPI,2025-12-19,15921.42,1
3878,2159,44,Male,Ahmedabad,Electronics,Net Banking,2025-12-20,14717.78,1
996,1214,23,Male,Delhi,Electronics,UPI,2025-12-20,6700.67,0
55,2104,31,Female,Kolkata,Books,UPI,2025-12-20,703.73,1
2734,1173,23,Male,Kolkata,Grocery,UPI,2025-12-20,1212.69,1
1173,1338,55,Male,Kolkata,Fashion,UPI,2025-12-21,3315.34,1
399,1356,53,Male,Bangalore,Home & Furniture,UPI,2025-12-21,3832.73,0
227,1253,30,Male,Pune,Electronics,UPI,2025-12-21,7438.44,1
2280,1593,61,Male,Hyderabad,Electronics,Net Banking,2025-12-21,15054.92,1
1794,1001,50,Male,Hyderabad,Grocery,UPI,2025-12-21,1316.1,1
3341,1753,47,Female,Mumbai,Electronics,UPI,2025-12-22,15375.81,1
861,1615,26,Male,Chennai,Fashion,UPI,2025-12-22,1703.76,0
558,2035,23,Female,Hyderabad,Home & Furniture,UPI,2025-12-22,5884.21,1
1507,1800,39,Male,Delhi,Fashion,UPI,2025-12-23,2329.12,1
2592,1595,53,Female,Delhi,Grocery,UPI,2025-12-23,1200.22,1
3324,1660,24,Female,Chennai,Electronics,Debit Card,2025-12-23,7430.88,0
1537,1207,38,Female,Mumbai,Books,UPI,2025-12-23,665.1,1
1929,1455,40,Male,Mumbai,Fashion,UPI,2025-12-23,1899.94,0
2138,1359,54,Female,Kolkata,Fashion,Credit Card,2025-12-23,2152.88,1
93,1288,60,Male,Mumbai,Electronics,COD,2025-12-23,4536.41,1
394,1217,53,Female,Hyderabad,Beauty,Debit Card,2025-12-23,1837.41,1
3705,1311,56,Female,Chennai,Electronics,Net Banking,2025-12-23,2855.09,1
3712,1566,22,Female,Delhi,Beauty,Debit Card,2025-12-23,2312.49,0
276,1279,30,Male,Hyderabad,Grocery,COD,2025-12-23,862.91,0
2959,1910,55,Female,Kolkata,Fashion,UPI,2025-12-23,1297.4,1
1665,2184,52,Male,Ahmedabad,Fashion,Net Banking,2025-12-24,1481.63,0
396,1431,49,Female,Bangalore,Fashion,Credit Card,2025-12-24,3622.92,0
3404,1161,27,Male,Bangalore,Electronics,UPI,2025-12-24,5589.48,1
1693,2142,62,Male,Pune,Fashion,Credit Card,2025-12-24,3178.77,0
908,1094,24,Male,Hyderabad,Fashion,UPI,2025-12-24,2029.25,1
66,1269,45,Male,Delhi,Fashion,Debit Card,2025-12-24,1916.7,1
3884,1570,55,Female,Mumbai,Grocery,UPI,2025-12-24,1272.55,0
583,1924,21,Male,Chennai,Fashion,UPI,2025-12-24,1411.44,1
1689,1516,48,Male,Bangalore,Fashion,Credit Card,2025-12-24,1550.14,1
2932,1836,20,Female,Delhi,Electronics,Credit Card,2025-12-25,12802.73,1
3112,1048,46,Female,Hyderabad,Beauty,Debit Card,2025-12-25,708.43,1
3029,1990,23,Female,Ahmedabad,Fashion,UPI,2025-12-25,2418.09,1
328,2148,40,Female,Bangalore,Home & Furniture,UPI,2025-12-25,6812.12,1
755,1085,33,Female,Hyderabad,Electronics,Debit Card,2025-12-25,6290.61,0
3818,1424,32,Male,Chennai,Electronics,Debit Card,2025-12-25,6232.41,1
653,1577,22,Female,Hyderabad,Beauty,COD,2025-12-25,1725.57,1
2454,1226,59,Female,Bangalore,Fashion,UPI,2025-12-25,1624.82,0
1200,1371,36,Male,Mumbai,Electronics,Debit Card,2025-12-26,11744.16,0
3394,1503,29,Female,Chennai,Sports,COD,2025-12-26,4526.17,1
1342,2191,23,Male,Bangalore,Sports,UPI,2025-12-26,2523.21,1
576,1501,64,Female,Hyderabad,Fashion,UPI,2025-12-26,2484.43,1
3059,1928,22,Female,Bangalore,Books,UPI,2025-12-27,834.08,0
2379,1020,37,Female,Mumbai,Beauty,UPI,2025-12-27,2221.92,0
1897,1769,24,Male,Hyderabad,Grocery,COD,2025-12-27,972.93,0
3494,2035,60,Female,Hyderabad,Electronics,UPI,2025-12-27,14026.68,1
3843,1731,34,Female,Ahmedabad,Home & Furniture,UPI,2025-12-27,9154.23,0
2400,1027,38,Male,Kolkata,Electronics,Credit Card,2025-12-27,8028.15,0
1172,1215,43,Male,Kolkata,Fashion,Credit Card,2025-12-27,3056.32,0
1125,1818,64,Male,Mumbai,Sports,UPI,2025-12-28,3151.99,0
1480,2087,31,Male,Chennai,Home & Furniture,Net Banking,2025-12-28,6866.7,1
3185,1277,55,Female,Kolkata,Grocery,Debit Card,2025-12-28,1187.4,1
3412,1784,53,Female,Bangalore,Grocery,COD,2025-12-28,1226.43,1
2007,2083,18,Female,Hyderabad,Grocery,Credit Card,2025-12-28,1704.43,1
2891,2163,37,Male,Bangalore,Grocery,UPI,2025-12-28,1258.05,1
2157,1780,35,Male,Hyderabad,Fashion,UPI,2025-12-29,2959.0,1
529,1475,29,Male,Hyderabad,Fashion,UPI,2025-12-29,1585.32,1
3566,1507,22,Female,Mumbai,Fashion,UPI,2025-12-29,1950.42,0
3871,1904,60,Female,Hyderabad,Grocery,UPI,2025-12-29,857.74,0
3246,1310,44,Male,Mumbai,Grocery,Debit Card,2025-12-29,1140.85,0
878,1553,19,Female,Mumbai,Electronics,COD,2025-12-29,5800.18,0
1265,1816,21,Male,Hyderabad,Electronics,Credit Card,2025-12-29,8522.7,1
3354,1706,53,Female,Ahmedabad,Electronics,UPI,2025-12-29,10777.82,1
324,1726,26,Female,Pune,Fashion,Debit Card,2025-12-30,2942.52,0
3844,1115,36,Female,Chennai,Grocery,UPI,2025-12-30,931.92,1
1971,1265,46,Male,Bangalore,Grocery,Credit Card,2025-12-30,2163.2,1
222,1053,56,Male,Mumbai,Beauty,UPI,2025-12-30,1129.98,1
1111,1645,62,Female,Pune,Electronics,UPI,2025-12-30,11485.9,0
1212,1804,47,Female,Delhi,Home & Furniture,Debit Card,2025-12-30,4163.77,1
2257,1821,53,Female,Bangalore,Sports,Credit Card,2025-12-30,2447.26,0
919,1814,28,Female,Pune,Electronics,Debit Card,2025-12-30,11898.01,1
2525,1942,40,Male,Bangalore,Fashion,COD,2025-12-30,1378.48,1
3651,1720,58,Male,Ahmedabad,Beauty,UPI,2025-12-30,1419.88,1
1380,1466,46,Female,Hyderabad,Beauty,UPI,2025-12-30,1007.08,1
2513,1246,49,Female,Hyderabad,Grocery,Credit Card,2025-12-30,1445.3,1
929,1827,47,Female,Bangalore,Books,Debit Card,2025-12-31,1267.75,1
818,1089,19,Female,Kolkata,Electronics,Debit Card,2025-12-31,6154.35,1
1893,1341,55,Male,Mumbai,Fashion,Debit Card,2025-12-31,2335.51,1
2851,1673,39,Male,Mumbai,Sports,COD,2025-12-31,2403.14,0
1504,1241,55,Male,Chennai,Fashion,Debit Card,2026-01-01,1218.54,0
1650,1619,19,Female,Pune,Sports,UPI,2026-01-01,1725.14,1
677,1183,27,Male,Hyderabad,Home & Furniture,UPI,2026-01-01,5515.76,0
3275,1073,62,Male,Delhi,Grocery,Net Banking,2026-01-01,1775.8,1
3862,1573,33,Male,Delhi,Home & Furniture,Net Banking,2026-01-02,5305.04,1
1181,1488,30,Female,Bangalore,Home & Furniture,UPI,2026-01-02,4317.3,1
1322,2199,20,Female,Chennai,Grocery,Net Banking,2026-01-02,457.46,0
2696,1048,49,Female,Hyderabad,Fashion,Debit Card,2026-01-02,2671.61,0
2679,2110,47,Male,Hyderabad,Electronics,UPI,2026-01-02,5104.22,1
1279,1884,61,Female,Delhi,Books,Net Banking,2026-01-02,490.04,1
2080,1553,24,Male,Bangalore,Sports,UPI,2026-01-02,4356.09,1
3728,1629,48,Female,Hyderabad,Sports,UPI,2026-01-02,2693.25,0
2852,1364,35,Female,Bangalore,Fashion,Debit Card,2026-01-02,3285.84,0
384,2109,36,Male,Delhi,Books,Debit Card,2026-01-02,511.98,1
2663,1405,48,Male,Ahmedabad,Fashion,UPI,2026-01-02,2201.11,0
2153,1148,41,Male,Ahmedabad,Beauty,Credit Card,2026-01-03,1248.27,0
970,1875,53,Female,Chennai,Fashion,UPI,2026-01-03,2739.34,0
3533,1517,36,Male,Hyderabad,Grocery,UPI,2026-01-03,1674.48,1
3578,1916,35,Male,Delhi,Books,UPI,2026-01-03,1293.33,0
2492,1612,41,Male,Delhi,Electronics,COD,2026-01-03,9903.81,0
694,1666,23,Female,Hyderabad,Fashion,Credit Card,2026-01-03,2577.99,0
2820,1556,29,Female,Hyderabad,Electronics,Debit Card,2026-01-04,5740.2,1
1909,1669,45,Female,Chennai,Home & Furniture,UPI,2026-01-04,6172.96,1
1886,1159,60,Female,Chennai,Electronics,Net Banking,2026-01-04,14016.24,1
441,1412,20,Female,Mumbai,Grocery,Credit Card,2026-01-04,1286.58,1
634,1094,41,Female,Bangalore,Home & Furniture,UPI,2026-01-04,11464.87,1
1575,1158,62,Female,Mumbai,Home & Furniture,Credit Card,2026-01-04,7533.91,0
1372,1359,46,Male,Mumbai,Fashion,UPI,2026-01-04,1142.17,1
1034,1578,49,Female,Pune,Electronics,UPI,2026-01-04,10125.93,1
135,1524,37,Female,Delhi,Grocery,UPI,2026-01-04,1415.06,0
1097,1074,19,Female,Bangalore,Fashion,UPI,2026-01-05,2138.82,1
3717,1096,52,Female,Chennai,Electronics,UPI,2026-01-05,4426.25,1
449,1738,43,Female,Mumbai,Books,UPI,2026-01-05,813.07,1
3241,2016,59,Female,Delhi,Fashion,UPI,2026-01-05,1665.62,1
1975,1163,18,Male,Pune,Grocery,Debit Card,2026-01-05,2178.11,1
1312,1737,38,Male,Hyderabad,Grocery,UPI,2026-01-05,2655.1,1
3680,2152,46,Female,Hyderabad,Home & Furniture,UPI,2026-01-05,7571.06,1
3777,1194,25,Male,Chennai,Sports,UPI,2026-01-05,4129.02,1
751,1484,33,Male,Bangalore,Grocery,UPI,2026-01-05,1218.58,1
3537,2018,25,Male,Pune,Fashion,Net Banking,2026-01-06,3468.53,1
3102,1325,32,Male,Delhi,Electronics,Debit Card,2026-01-06,7027.43,1
3321,1650,56,Male,Delhi,Electronics,COD,2026-01-06,10011.53,1
3812,1667,52,Male,Hyderabad,Electronics,Net Banking,2026-01-06,5783.73,0
1641,1312,33,Female,Chennai,Fashion,UPI,2026-01-06,1962.53,1
973,1024,19,Female,Hyderabad,Electronics,COD,2026-01-07,5353.8,1
125,1742,24,Female,Bangalore,Fashion,UPI,2026-01-07,3075.67,0
2972,1941,30,Female,Delhi,Beauty,Net Banking,2026-01-07,1118.48,0
3192,1266,25,Male,Mumbai,Electronics,COD,2026-01-07,5298.26,1
1208,1619,34,Male,Hyderabad,Fashion,UPI,2026-01-07,2811.66,1
2510,2185,24,Male,Kolkata,Beauty,UPI,2026-01-07,2080.5,0
1417,1078,42,Male,Bangalore,Books,UPI,2026-01-07,496.1,1
3951,2143,19,Female,Hyderabad,Beauty,Net Banking,2026-01-07,878.38,0
3042,1667,23,Male,Hyderabad,Electronics,UPI,2026-01-07,10221.85,0
421,2191,33,Male,Kolkata,Electronics,UPI,2026-01-08,5542.99,0
1995,2035,23,Female,Mumbai,Electronics,Debit Card,2026-01-08,5818.1,0
381,2099,45,Female,Mumbai,Electronics,UPI,2026-01-08,6496.77,1
2002,1389,61,Female,Hyderabad,Grocery,Credit Card,2026-01-08,1911.8,0
1901,1661,41,Male,Bangalore,Home & Furniture,UPI,2026-01-08,5058.87,0
2551,1288,22,Female,Hyderabad,Home & Furniture,UPI,2026-01-08,8913.1,1
850,2188,37,Male,Kolkata,Home & Furniture,Credit Card,2026-01-08,4073.21,1
1967,1577,46,Male,Pune,Electronics,COD,2026-01-08,5856.89,1
686,1110,21,Female,Delhi,Sports,Credit Card,2026-01-08,2444.1,1
938,2008,50,Male,Delhi,Grocery,COD,2026-01-08,1038.48,1
1329,1592,50,Male,Delhi,Fashion,Credit Card,2026-01-09,2773.57,1
2536,1545,47,Female,Mumbai,Electronics,Credit Card,2026-01-09,6821.74,0
2008,1662,53,Female,Delhi,Home & Furniture,Credit Card,2026-01-09,5297.72,1
3972,1858,28,Male,Kolkata,Electronics,Debit Card,2026-01-09,11921.69,1
2058,1241,62,Female,Delhi,Books,Debit Card,2026-01-09,629.0,1
3526,1713,25,Female,Bangalore,Beauty,Credit Card,2026-01-09,2158.5,0
1558,1694,57,Male,Hyderabad,Fashion,COD,2026-01-09,1709.61,1
2641,2058,57,Male,Delhi,Grocery,Debit Card,2026-01-09,1219.57,1
3366,1876,56,Male,Ahmedabad,Home & Furniture,Debit Card,2026-01-10,2701.71,1
2362,1840,28,Female,Mumbai,Sports,UPI,2026-01-10,4434.79,1
256,1026,25,Female,Mumbai,Home & Furniture,UPI,2026-01-10,4764.05,1
3861,1950,47,Male,Bangalore,Home & Furniture,UPI,2026-01-10,5356.43,1
1164,1523,25,Male,Chennai,Electronics,Debit Card,2026-01-10,11686.24,1
1414,1906,25,Female,Hyderabad,Fashion,UPI,2026-01-10,3052.74,0
1690,1085,37,Female,Pune,Books,Credit Card,2026-01-11,577.98,1
2991,1294,39,Male,Bangalore,Electronics,UPI,2026-01-11,9278.94,0
794,1467,40,Female,Chennai,Fashion,Debit Card,2026-01-11,1829.7,1
3443,1174,31,Male,Mumbai,Fashion,Net Banking,2026-01-11,2240.99,1
1163,1865,57,Female,Mumbai,Home & Furniture,UPI,2026-01-11,6813.14,1
1249,1925,52,Male,Bangalore,Electronics,COD,2026-01-11,6085.33,0
2523,1645,43,Male,Mumbai,Grocery,Debit Card,2026-01-11,902.72,0
3325,1098,43,Male,Chennai,Electronics,UPI,2026-01-11,9170.11,1
2425,1242,57,Female,Hyderabad,Home & Furniture,UPI,2026-01-12,5984.92,0
178,1883,52,Female,Kolkata,Grocery,UPI,2026-01-12,1317.09,1
2824,1261,41,Female,Pune,Electronics,Credit Card,2026-01-12,8866.54,1
236,2186,48,Female,Bangalore,Electronics,Net Banking,2026-01-12,4170.22,0
1094,2132,64,Female,Bangalore,Home & Furniture,Debit Card,2026-01-12,2654.56,1
1980,1821,55,Female,Pune,Electronics,UPI,2026-01-12,8987.27,0
1140,1757,37,Male,Ahmedabad,Grocery,COD,2026-01-12,1305.68,0
665,1248,21,Male,Ahmedabad,Fashion,Debit Card,2026-01-12,2604.91,0
569,1089,23,Male,Pune,Grocery,UPI,2026-01-12,1033.06,1
2584,1887,35,Male,Pune,Fashion,Credit Card,2026-01-12,998.77,0
2805,1913,42,Male,Hyderabad,Grocery,COD,2026-01-12,1013.59,1
2714,1182,38,Female,Kolkata,Beauty,Credit Card,2026-01-12,1846.12,1
3442,2099,21,Female,Kolkata,Home & Furniture,Credit Card,2026-01-12,3050.55,0
2821,2178,35,Male,Mumbai,Home & Furniture,UPI,2026-01-13,9222.0,0
1936,1508,59,Female,Delhi,Electronics,Credit Card,2026-01-13,15814.79,0
3181,1979,60,Male,Delhi,Grocery,Credit Card,2026-01-13,959.63,1
851,1004,40,Female,Hyderabad,Sports,UPI,2026-01-13,4464.6,0
2589,1500,40,Male,Chennai,Books,UPI,2026-01-13,607.2,1
2398,1592,38,Male,Kolkata,Beauty,Credit Card,2026-01-13,1677.79,0
2550,1930,29,Male,Bangalore,Fashion,Credit Card,2026-01-13,2819.71,0
717,1213,64,Male,Bangalore,Grocery,Debit Card,2026-01-13,1846.0,1
3747,1619,42,Male,Bangalore,Fashion,UPI,2026-01-14,1833.64,1
3702,1195,57,Female,Mumbai,Home & Furniture,UPI,2026-01-14,7822.34,1
2882,1519,42,Female,Hyderabad,Home & Furniture,UPI,2026-01-14,8243.28,1
2900,1146,29,Female,Delhi,Fashion,UPI,2026-01-14,4277.77,1
480,2048,60,Male,Delhi,Home & Furniture,UPI,2026-01-14,3817.53,1
3296,1326,57,Male,Mumbai,Electronics,Net Banking,2026-01-14,5897.71,0
3596,1927,58,Female,Delhi,Grocery,Debit Card,2026-01-14,530.29,1
165,1854,39,Male,Mumbai,Grocery,Debit Card,2026-01-14,728.04,1
2919,1902,56,Female,Hyderabad,Electronics,UPI,2026-01-14,6135.35,0
825,1689,47,Female,Hyderabad,Electronics,COD,2026-01-15,7351.49,0
506,1169,26,Female,Mumbai,Electronics,UPI,2026-01-15,5965.45,1
438,1616,20,Male,Delhi,Grocery,Credit Card,2026-01-15,1163.92,1
2241,2035,19,Male,Hyderabad,Grocery,Debit Card,2026-01-15,883.01,1
2909,1406,19,Female,Mumbai,Beauty,UPI,2026-01-15,1305.64,1
3251,1882,44,Female,Delhi,Fashion,Debit Card,2026-01-15,3709.22,1
3435,1476,62,Male,Kolkata,Electronics,UPI,2026-01-16,14761.94,1
2442,1603,27,Male,Hyderabad,Sports,Debit Card,2026-01-16,2829.2,1
900,1947,50,Male,Mumbai,Grocery,UPI,2026-01-16,806.22,1
343,1004,50,Male,Pune,Beauty,Credit Card,2026-01-16,2801.68,0
2519,1644,18,Female,Bangalore,Beauty,Net Banking,2026-01-16,869.42,0
1244,1747,21,Male,Hyderabad,Electronics,UPI,2026-01-16,7008.14,1
959,1574,26,Male,Bangalore,Books,UPI,2026-01-16,573.48,1
2861,1382,61,Male,Hyderabad,Electronics,UPI,2026-01-17,4374.33,0
3626,1298,51,Male,Hyderabad,Electronics,Credit Card,2026-01-17,14051.6,1
260,1878,49,Female,Pune,Grocery,UPI,2026-01-17,1186.63,1
2111,1939,45,Female,Ahmedabad,Grocery,Credit Card,2026-01-17,1437.94,1
3961,1892,19,Female,Delhi,Beauty,Credit Card,2026-01-17,924.24,1
362,1740,38,Female,Hyderabad,Home & Furniture,UPI,2026-01-17,5265.69,0
2924,1115,51,Male,Ahmedabad,Grocery,UPI,2026-01-18,1092.79,1
1908,1445,50,Female,Chennai,Grocery,UPI,2026-01-18,1543.99,1
2070,1307,52,Male,Bangalore,Home & Furniture,Debit Card,2026-01-18,5092.1,1
1643,1885,52,Male,Mumbai,Beauty,UPI,2026-01-18,2240.7,0
379,1860,36,Female,Bangalore,Home & Furniture,Debit Card,2026-01-18,2915.7,0
1619,2107,23,Female,Chennai,Beauty,Debit Card,2026-01-18,1585.86,1
176,1293,63,Female,Pune,Home & Furniture,COD,2026-01-18,5447.72,0
440,2098,22,Female,Hyderabad,Books,UPI,2026-01-18,266.24,0
3126,1613,53,Male,Hyderabad,Electronics,Credit Card,2026-01-18,10692.9,1
2822,1362,34,Male,Pune,Fashion,Credit Card,2026-01-18,1528.01,1
1029,1758,62,Male,Chennai,Grocery,UPI,2026-01-19,1160.71,1
2873,1434,52,Male,Bangalore,Fashion,Net Banking,2026-01-19,1918.02,1
2915,1973,21,Female,Kolkata,Home & Furniture,Credit Card,2026-01-19,12119.11,1
2206,1277,24,Female,Hyderabad,Electronics,UPI,2026-01-19,8399.13,0
1800,2062,22,Female,Bangalore,Fashion,UPI,2026-01-19,2974.22,0
120,1392,46,Female,Ahmedabad,Books,Credit Card,2026-01-19,371.75,1
3665,1122,48,Female,Bangalore,Electronics,UPI,2026-01-19,9220.2,0
1403,1305,51,Female,Bangalore,Electronics,UPI,2026-01-19,14603.15,1
2713,1818,47,Female,Bangalore,Books,UPI,2026-01-19,777.28,1
729,1718,63,Male,Delhi,Fashion,Credit Card,2026-01-20,2938.25,0
1298,2168,54,Female,Chennai,Books,Debit Card,2026-01-20,436.12,0
3017,1846,24,Male,Mumbai,Books,COD,2026-01-20,1133.17,1
3135,1118,56,Male,Kolkata,Home & Furniture,Debit Card,2026-01-20,6007.09,1
2741,1419,63,Male,Chennai,Beauty,Debit Card,2026-01-20,1055.29,1
805,1714,64,Female,Hyderabad,Home & Furniture,Debit Card,2026-01-20,5348.17,1
3630,1202,59,Male,Chennai,Sports,Credit Card,2026-01-20,3127.47,1
2691,1141,21,Male,Chennai,Fashion,COD,2026-01-20,2900.0,1
496,1657,42,Female,Chennai,Grocery,UPI,2026-01-20,1282.07,1
3386,1305,37,Female,Kolkata,Grocery,COD,2026-01-20,1142.64,0
2803,1558,21,Female,Hyderabad,Electronics,Net Banking,2026-01-21,8531.99,1
1924,1285,56,Male,Pune,Sports,COD,2026-01-21,2733.27,1
584,1908,34,Male,Mumbai,Grocery,COD,2026-01-21,1718.76,1
1682,1745,40,Male,Ahmedabad,Grocery,Debit Card,2026-01-21,943.36,0
2468,1484,22,Female,Hyderabad,Beauty,UPI,2026-01-21,1844.41,1
3975,1780,20,Female,Mumbai,Beauty,UPI,2026-01-22,1122.15,1
2309,1160,46,Female,Delhi,Grocery,Net Banking,2026-01-22,1670.93,1
3,2130,27,Male,Hyderabad,Beauty,UPI,2026-01-22,2911.88,0
1976,1094,48,Female,Mumbai,Electronics,Net Banking,2026-01-22,11766.75,0
1819,1009,25,Female,Chennai,Fashion,COD,2026-01-22,1509.07,0
2387,1444,55,Female,Mumbai,Home & Furniture,UPI,2026-01-22,9289.75,1
32,1686,38,Female,Chennai,Fashion,UPI,2026-01-22,2018.71,0
3722,2010,50,Male,Delhi,Electronics,Credit Card,2026-01-22,6404.47,1
3909,1649,31,Female,Mumbai,Sports,UPI,2026-01-22,3100.52,1
2033,1819,23,Male,Bangalore,Sports,Credit Card,2026-01-23,2693.2,1
2830,1121,32,Male,Ahmedabad,Fashion,Credit Card,2026-01-23,3692.43,1
2289,1541,57,Male,Hyderabad,Home & Furniture,Credit Card,2026-01-23,5059.41,1
3879,1249,37,Male,Hyderabad,Fashion,UPI,2026-01-23,2551.02,1
3838,1517,57,Male,Hyderabad,Books,Credit Card,2026-01-23,542.1,1
369,1512,54,Male,Hyderabad,Fashion,Net Banking,2026-01-23,2086.04,0
1954,1489,37,Female,Pune,Electronics,COD,2026-01-23,6971.6,1
626,1000,43,Female,Chennai,Electronics,UPI,2026-01-23,7397.46,1
827,1260,36,Female,Pune,Books,Debit Card,2026-01-23,1053.79,0
3303,1684,28,Female,Delhi,Electronics,Debit Card,2026-01-23,10847.68,1
1297,1061,36,Female,Ahmedabad,Beauty,Net Banking,2026-01-23,867.85,1
1301,1159,54,Female,Pune,Sports,UPI,2026-01-24,2423.1,1
1933,1783,20,Female,Hyderabad,Grocery,Debit Card,2026-01-24,1293.54,0
3670,1062,27,Male,Pune,Electronics,Credit Card,2026-01-24,7637.65,1
2865,1358,24,Female,Mumbai,Beauty,Debit Card,2026-01-24,1081.37,0
231,1152,23,Female,Bangalore,Fashion,Credit Card,2026-01-24,2283.25,1
3206,1685,47,Female,Kolkata,Beauty,UPI,2026-01-24,1420.01,0
2745,1935,42,Female,Delhi,Electronics,UPI,2026-01-24,5849.59,1
2809,1816,21,Female,Bangalore,Grocery,Debit Card,2026-01-24,641.13,0
3245,2042,58,Male,Chennai,Fashion,Net Banking,2026-01-24,2741.37,0
2167,1487,48,Male,Chennai,Home & Furniture,UPI,2026-01-24,6669.42,1
3917,1790,35,Male,Mumbai,Fashion,UPI,2026-01-25,1817.81,1
2638,1880,64,Male,Bangalore,Beauty,Credit Card,2026-01-25,1163.94,1
3327,1281,54,Female,Hyderabad,Fashion,UPI,2026-01-25,3365.0,0
3441,1560,30,Male,Mumbai,Grocery,UPI,2026-01-25,1046.51,1
274,1098,39,Male,Bangalore,Fashion,UPI,2026-01-26,1269.43,1
3037,1389,24,Male,Mumbai,Books,UPI,2026-01-26,282.3,1
237,1956,21,Female,Delhi,Fashion,Credit Card,2026-01-26,1546.71,1
1874,1352,22,Female,Delhi,Grocery,COD,2026-01-26,1654.11,1
2670,1539,45,Female,Ahmedabad,Electronics,UPI,2026-01-27,5444.98,0
3065,1234,48,Male,Chennai,Home & Furniture,Debit Card,2026-01-27,9712.77,1
1914,1656,33,Female,Bangalore,Electronics,COD,2026-01-27,6097.35,0
998,1951,62,Female,Bangalore,Beauty,UPI,2026-01-27,2701.72,1
3669,1091,33,Female,Hyderabad,Grocery,Debit Card,2026-01-27,1122.88,0
1678,1918,56,Male,Bangalore,Electronics,Credit Card,2026-01-27,6911.91,0
2132,1772,41,Male,Mumbai,Fashion,UPI,2026-01-27,2136.93,1
638,1673,26,Female,Hyderabad,Electronics,Debit Card,2026-01-27,7857.96,0
2887,1063,31,Male,Delhi,Grocery,Net Banking,2026-01-27,1301.97,1
1941,1340,18,Female,Ahmedabad,Home & Furniture,Net Banking,2026-01-27,7246.2,1
3188,1361,63,Male,Chennai,Sports,UPI,2026-01-27,3004.29,1
1652,1333,30,Female,Hyderabad,Electronics,Debit Card,2026-01-28,7626.48,0
1823,1583,30,Female,Chennai,Electronics,Net Banking,2026-01-28,6061.37,0
2575,1459,55,Male,Pune,Electronics,Debit Card,2026-01-28,14768.81,1
309,1524,30,Female,Mumbai,Beauty,UPI,2026-01-29,1094.44,1
690,1899,36,Female,Bangalore,Fashion,UPI,2026-01-29,1146.45,0
1670,1275,30,Female,Pune,Grocery,UPI,2026-01-29,508.96,1
535,1347,18,Male,Mumbai,Fashion,Net Banking,2026-01-29,3084.35,1
579,1928,37,Male,Pune,Sports,Credit Card,2026-01-29,3598.42,0
1713,2112,58,Female,Chennai,Beauty,UPI,2026-01-29,2971.52,1
3895,1803,64,Female,Delhi,Electronics,UPI,2026-01-29,6455.25,0
1356,1132,49,Female,Chennai,Sports,UPI,2026-01-29,3399.08,1
784,2160,22,Female,Bangalore,Grocery,UPI,2026-01-29,1752.92,1
2322,1137,31,Male,Mumbai,Electronics,COD,2026-01-29,7978.69,0
81,2064,60,Male,Pune,Grocery,UPI,2026-01-29,1023.29,1
2868,1908,55,Male,Pune,Fashion,Debit Card,2026-01-30,1516.84,0
710,1545,58,Male,Delhi,Electronics,Debit Card,2026-01-30,8991.04,1
2458,1378,47,Female,Hyderabad,Electronics,UPI,2026-01-30,14956.35,1
1612,2004,57,Female,Mumbai,Grocery,Credit Card,2026-01-30,981.32,0
809,2141,59,Male,Kolkata,Sports,COD,2026-01-30,4066.37,0
3704,1282,29,Female,Bangalore,Grocery,Debit Card,2026-01-30,1563.24,1
980,1661,54,Male,Hyderabad,Electronics,Credit Card,2026-01-31,7449.33,1
3305,1860,32,Male,Delhi,Sports,COD,2026-01-31,2876.69,1
2522,1264,61,Female,Chennai,Home & Furniture,UPI,2026-01-31,4660.78,1
777,1661,30,Male,Ahmedabad,Sports,COD,2026-01-31,2691.57,1
716,2144,22,Female,Mumbai,Books,UPI,2026-01-31,651.75,1
247,1459,20,Male,Hyderabad,Electronics,Debit Card,2026-02-01,14188.7,1
1335,1114,21,Male,Bangalore,Grocery,UPI,2026-02-01,938.01,1
2967,1546,52,Female,Chennai,Books,Credit Card,2026-02-01,444.0,1
1855,1508,37,Female,Pune,Grocery,Net Banking,2026-02-01,1920.44,1
848,1797,35,Male,Bangalore,Home & Furniture,UPI,2026-02-01,7906.99,0
3396,1212,24,Female,Delhi,Grocery,Debit Card,2026-02-01,1511.44,1
2783,1072,59,Male,Hyderabad,Beauty,Net Banking,2026-02-01,1046.32,1
3259,1519,23,Female,Hyderabad,Electronics,UPI,2026-02-01,5401.1,1
374,1487,28,Female,Hyderabad,Fashion,UPI,2026-02-01,2125.5,1
3789,1559,41,Female,Chennai,Sports,Debit Card,2026-02-01,6447.32,0
1985,1901,63,Female,Hyderabad,Sports,COD,2026-02-02,1024.91,1
3457,1825,49,Female,Pune,Fashion,UPI,2026-02-02,1692.23,1
720,1349,42,Female,Mumbai,Fashion,UPI,2026-02-02,2218.63,1
223,2143,21,Female,Delhi,Beauty,COD,2026-02-02,1953.39,1
187,1659,51,Male,Mumbai,Beauty,Debit Card,2026-02-02,1553.07,1
2173,2195,61,Male,Mumbai,Electronics,COD,2026-02-03,15634.68,0
3281,1455,28,Male,Pune,Fashion,UPI,2026-02-03,2271.73,0
791,1547,29,Male,Pune,Home & Furniture,Net Banking,2026-02-03,5305.6,0
2937,2137,29,Male,Bangalore,Home & Furniture,COD,2026-02-03,4364.72,1
1860,1636,33,Female,Delhi,Electronics,UPI,2026-02-03,11685.14,1
1629,1300,41,Female,Hyderabad,Sports,UPI,2026-02-03,2123.4,1
2291,2140,49,Male,Kolkata,Electronics,Net Banking,2026-02-03,8652.6,1
1398,1704,30,Male,Mumbai,Electronics,UPI,2026-02-03,8864.89,0
930,1682,37,Female,Hyderabad,Sports,COD,2026-02-03,2082.68,1
1981,1237,31,Male,Chennai,Grocery,Net Banking,2026-02-03,1173.77,0
1467,1733,27,Female,Hyderabad,Sports,UPI,2026-02-03,2459.24,1
3794,1639,40,Female,Pune,Electronics,COD,2026-02-03,11275.96,0
553,1046,34,Female,Mumbai,Books,Credit Card,2026-02-03,768.66,1
428,1034,51,Female,Mumbai,Electronics,UPI,2026-02-03,8901.53,1
3820,1946,42,Female,Hyderabad,Fashion,UPI,2026-02-04,2415.35,1
679,1983,23,Male,Chennai,Fashion,Credit Card,2026-02-04,3507.94,1
1905,1310,44,Male,Mumbai,Home & Furniture,UPI,2026-02-04,3174.16,0
2354,1413,51,Female,Delhi,Fashion,COD,2026-02-04,2622.99,0
1589,1865,18,Female,Mumbai,Home & Furniture,UPI,2026-02-04,6143.1,1
877,1390,27,Male,Delhi,Home & Furniture,Credit Card,2026-02-04,4938.8,0
3872,1347,53,Male,Delhi,Electronics,UPI,2026-02-05,6940.45,1
1393,2040,33,Male,Mumbai,Fashion,Credit Card,2026-02-05,1997.0,1
3800,1816,39,Male,Chennai,Books,Debit Card,2026-02-05,585.37,1
2890,1266,40,Female,Mumbai,Books,COD,2026-02-05,414.3,0
3262,1007,40,Male,Bangalore,Beauty,Net Banking,2026-02-06,1725.83,1
689,1094,58,Female,Pune,Electronics,Debit Card,2026-02-06,8251.67,1
2888,2114,39,Male,Chennai,Grocery,Credit Card,2026-02-06,1070.0,1
2255,1226,38,Female,Chennai,Fashion,UPI,2026-02-06,2568.26,0
339,1992,26,Female,Kolkata,Books,COD,2026-02-06,378.88,1
3171,1609,32,Female,Mumbai,Electronics,UPI,2026-02-06,6867.76,1
190,1402,30,Female,Pune,Grocery,UPI,2026-02-06,1459.58,0
2904,1863,59,Male,Kolkata,Electronics,Net Banking,2026-02-06,8362.78,1
3623,2023,42,Female,Pune,Sports,UPI,2026-02-07,3197.85,1
1709,2009,36,Male,Kolkata,Home & Furniture,Debit Card,2026-02-07,6389.26,0
1574,1861,23,Male,Bangalore,Grocery,UPI,2026-02-07,860.44,1
3993,1708,22,Female,Chennai,Beauty,Debit Card,2026-02-07,1557.97,1
3989,1113,61,Male,Pune,Electronics,UPI,2026-02-07,6562.15,0
1178,1709,63,Male,Hyderabad,Electronics,UPI,2026-02-07,10389.35,1
3586,1300,18,Female,Mumbai,Fashion,Debit Card,2026-02-07,2080.61,1
3217,1276,40,Male,Delhi,Beauty,Debit Card,2026-02-07,940.74,0
2737,1726,44,Female,Mumbai,Fashion,Debit Card,2026-02-07,4601.53,0
2402,1042,41,Female,Chennai,Books,Credit Card,2026-02-08,450.38,1
3236,1579,45,Male,Delhi,Grocery,Debit Card,2026-02-08,768.88,1
1468,1205,62,Female,Kolkata,Fashion,UPI,2026-02-08,4224.83,1
3504,1117,43,Female,Kolkata,Beauty,UPI,2026-02-08,1004.62,1
3505,1887,41,Female,Kolkata,Home & Furniture,Debit Card,2026-02-08,3931.81,1
767,1110,43,Male,Ahmedabad,Home & Furniture,Debit Card,2026-02-08,6758.41,1
1283,1217,35,Female,Mumbai,Books,Net Banking,2026-02-08,377.74,0
3814,1631,35,Female,Hyderabad,Home & Furniture,Credit Card,2026-02-09,5476.34,1
3882,1484,26,Female,Chennai,Sports,UPI,2026-02-09,2036.71,1
2677,1346,30,Male,Bangalore,Electronics,COD,2026-02-10,7391.34,0
2417,2167,28,Female,Hyderabad,Electronics,Debit Card,2026-02-10,16313.03,0
3062,1905,55,Male,Kolkata,Fashion,UPI,2026-02-10,2629.41,1
184,2147,48,Male,Mumbai,Beauty,UPI,2026-02-10,1427.54,1
785,1758,43,Male,Hyderabad,Home & Furniture,Credit Card,2026-02-10,5245.86,1
1387,1988,21,Male,Bangalore,Beauty,UPI,2026-02-10,967.66,1
2725,1956,30,Female,Chennai,Home & Furniture,UPI,2026-02-11,7663.61,1
3729,1260,28,Female,Delhi,Fashion,Net Banking,2026-02-11,2641.94,1
488,2065,45,Female,Hyderabad,Electronics,Debit Card,2026-02-11,4969.27,1
983,2072,56,Female,Hyderabad,Grocery,UPI,2026-02-11,840.41,1
3645,1832,44,Male,Delhi,Books,Credit Card,2026-02-11,1304.84,0
901,1014,28,Female,Mumbai,Fashion,Debit Card,2026-02-11,2984.43,1
1478,1583,43,Female,Delhi,Grocery,COD,2026-02-11,1069.25,0
1382,1585,20,Male,Bangalore,Electronics,Debit Card,2026-02-11,5163.85,1
3672,2162,19,Female,Hyderabad,Grocery,UPI,2026-02-12,1631.9,1
3799,2030,22,Female,Chennai,Fashion,Debit Card,2026-02-12,1293.18,0
2516,1195,53,Male,Mumbai,Electronics,COD,2026-02-12,16921.12,1
2694,1700,22,Female,Ahmedabad,Sports,COD,2026-02-12,5038.86,1
966,1346,37,Female,Ahmedabad,Fashion,COD,2026-02-12,1917.69,0
18,1276,21,Male,Hyderabad,Beauty,Credit Card,2026-02-12,1415.86,0
487,1108,38,Female,Bangalore,Home & Furniture,Credit Card,2026-02-13,6517.33,1
2928,1736,23,Male,Pune,Grocery,Debit Card,2026-02-13,1295.41,1
644,1235,61,Male,Delhi,Electronics,Credit Card,2026-02-13,5444.21,0
158,1951,39,Female,Hyderabad,Electronics,Net Banking,2026-02-13,6198.33,1
1083,1720,64,Male,Ahmedabad,Fashion,Debit Card,2026-02-13,1789.08,1
1524,1008,40,Male,Mumbai,Fashion,UPI,2026-02-13,3131.69,0
3018,2045,27,Female,Hyderabad,Fashion,Debit Card,2026-02-14,2375.71,1
138,1577,57,Male,Hyderabad,Sports,Credit Card,2026-02-14,3679.93,1
2996,1732,29,Male,Bangalore,Home & Furniture,Credit Card,2026-02-14,7763.87,1
2849,2188,49,Female,Ahmedabad,Fashion,UPI,2026-02-14,2000.03,0
3574,2102,60,Male,Bangalore,Home & Furniture,Credit Card,2026-02-14,9581.22,0
2621,1319,52,Male,Chennai,Sports,UPI,2026-02-14,2696.05,1
3787,1238,63,Male,Hyderabad,Home & Furniture,UPI,2026-02-14,9427.14,0
1593,1294,60,Male,Hyderabad,Fashion,UPI,2026-02-14,2708.52,0
2984,1161,58,Female,Mumbai,Fashion,UPI,2026-02-14,2183.82,0
3907,1733,49,Male,Pune,Electronics,UPI,2026-02-15,6789.61,0
3733,1470,58,Male,Hyderabad,Home & Furniture,Credit Card,2026-02-15,4518.77,0
3663,1444,52,Male,Pune,Beauty,Net Banking,2026-02-15,614.4,1
2293,1867,23,Female,Kolkata,Beauty,UPI,2026-02-15,2870.64,1
3714,1313,38,Female,Bangalore,Beauty,UPI,2026-02-15,1593.35,0
1327,1795,55,Male,Mumbai,Grocery,UPI,2026-02-16,964.56,1
2171,1789,64,Female,Mumbai,Fashion,Credit Card,2026-02-16,1511.12,0
2471,1904,30,Female,Chennai,Sports,Net Banking,2026-02-16,2257.3,1
993,1326,51,Male,Bangalore,Fashion,UPI,2026-02-16,2341.19,1
427,1753,42,Male,Hyderabad,Home & Furniture,UPI,2026-02-16,5296.91,0
3901,1527,63,Female,Mumbai,Beauty,Debit Card,2026-02-16,1605.83,1
320,1470,34,Female,Pune,Electronics,UPI,2026-02-16,6448.37,0
3710,1152,40,Female,Mumbai,Electronics,Credit Card,2026-02-16,8560.46,1
2063,1163,33,Male,Mumbai,Books,UPI,2026-02-17,550.84,1
2480,1847,61,Female,Mumbai,Electronics,UPI,2026-02-17,10325.05,0
2911,1714,32,Female,Mumbai,Fashion,UPI,2026-02-17,1892.43,1
2186,1237,43,Female,Ahmedabad,Grocery,UPI,2026-02-17,1165.93,1
2217,2134,25,Female,Delhi,Beauty,UPI,2026-02-17,1371.09,0
1402,1209,55,Male,Pune,Beauty,Net Banking,2026-02-17,1212.06,1
2819,1074,36,Female,Kolkata,Electronics,Debit Card,2026-02-18,7761.67,0
2630,1067,26,Male,Delhi,Electronics,COD,2026-02-18,3543.16,1
2218,1135,46,Female,Hyderabad,Grocery,UPI,2026-02-18,943.32,1
3506,2082,23,Male,Pune,Sports,COD,2026-02-18,3244.0,0
641,1770,19,Female,Bangalore,Fashion,UPI,2026-02-18,2355.42,1
918,1022,60,Female,Delhi,Grocery,Credit Card,2026-02-19,1550.71,1
2569,1515,58,Male,Chennai,Beauty,Credit Card,2026-02-19,2036.02,0
2243,2037,61,Male,Bangalore,Fashion,Debit Card,2026-02-19,1543.35,1
3134,1229,45,Male,Chennai,Grocery,UPI,2026-02-19,1249.06,1
2237,1233,20,Female,Hyderabad,Sports,UPI,2026-02-19,3452.04,1
3182,1433,38,Male,Chennai,Home & Furniture,Net Banking,2026-02-19,6074.07,0
258,1797,23,Female,Mumbai,Electronics,COD,2026-02-19,13663.41,1
2841,1076,29,Male,Ahmedabad,Fashion,Credit Card,2026-02-19,1811.1,1
2474,2127,20,Male,Mumbai,Electronics,Net Banking,2026-02-20,9722.17,0
544,1684,52,Male,Chennai,Beauty,UPI,2026-02-20,1106.47,0
3069,1522,61,Female,Mumbai,Electronics,Credit Card,2026-02-20,11285.95,0
846,1872,49,Female,Delhi,Electronics,UPI,2026-02-20,6513.42,0
21,1021,55,Male,Delhi,Sports,Credit Card,2026-02-20,1487.23,0
1062,1708,52,Female,Delhi,Grocery,Debit Card,2026-02-21,1818.06,1
752,1027,35,Female,Delhi,Home & Furniture,UPI,2026-02-21,4363.6,0
3764,2034,22,Female,Mumbai,Fashion,UPI,2026-02-21,2202.83,0
3667,1679,58,Male,Delhi,Grocery,Credit Card,2026-02-21,1301.73,0
1237,2062,61,Female,Pune,Fashion,Credit Card,2026-02-21,1061.82,0
1805,1444,31,Male,Delhi,Electronics,Credit Card,2026-02-21,7132.97,1
2622,1672,63,Male,Bangalore,Grocery,COD,2026-02-22,1291.42,1
248,1954,45,Female,Bangalore,Grocery,UPI,2026-02-22,821.64,0
2201,1435,60,Male,Pune,Electronics,UPI,2026-02-22,10533.43,0
1266,1963,54,Female,Ahmedabad,Sports,UPI,2026-02-22,3816.61,0
869,1144,48,Female,Bangalore,Electronics,Debit Card,2026-02-22,10990.48,1
3926,1060,59,Female,Hyderabad,Books,UPI,2026-02-22,667.09,0
2015,1381,24,Male,Bangalore,Beauty,Net Banking,2026-02-23,1030.62,0
1538,1899,56,Male,Delhi,Electronics,UPI,2026-02-23,8063.71,0
117,1397,34,Male,Ahmedabad,Beauty,UPI,2026-02-23,2659.56,1
1352,1190,45,Male,Delhi,Books,Credit Card,2026-02-23,510.91,0
3408,1976,62,Female,Bangalore,Grocery,Credit Card,2026-02-23,987.14,1
2594,1423,20,Female,Mumbai,Home & Furniture,UPI,2026-02-23,3673.04,0
3854,1220,27,Female,Hyderabad,Fashion,Debit Card,2026-02-23,2749.31,0
1544,1808,41,Male,Bangalore,Electronics,UPI,2026-02-23,5817.73,1
3706,1745,29,Male,Bangalore,Electronics,UPI,2026-02-23,9753.33,1
52,1775,34,Female,Mumbai,Grocery,UPI,2026-02-24,1180.32,0
1218,1363,55,Male,Mumbai,Beauty,COD,2026-02-24,1508.42,1
3201,2125,63,Female,Bangalore,Beauty,UPI,2026-02-24,1024.4,0
1903,1286,21,Male,Hyderabad,Electronics,Debit Card,2026-02-24,13917.11,1
405,1441,45,Male,Hyderabad,Home & Furniture,Credit Card,2026-02-24,14235.89,1
3962,1687,25,Male,Pune,Grocery,UPI,2026-02-24,966.84,1
411,1335,29,Female,Mumbai,Electronics,Debit Card,2026-02-25,8695.76,1
2012,1777,40,Female,Bangalore,Electronics,Credit Card,2026-02-25,10862.18,1
2524,1210,54,Female,Ahmedabad,Electronics,Debit Card,2026-02-25,4677.71,1
39,1840,27,Male,Bangalore,Fashion,UPI,2026-02-25,1640.97,0
1591,1334,42,Female,Ahmedabad,Sports,UPI,2026-02-25,3272.82,1
3361,1289,39,Male,Mumbai,Sports,Credit Card,2026-02-25,1596.34,0
45,1241,18,Male,Kolkata,Sports,Debit Card,2026-02-25,2529.39,1
883,1156,33,Female,Chennai,Home & Furniture,Debit Card,2026-02-25,3021.37,1
1559,1287,62,Male,Pune,Beauty,UPI,2026-02-25,2254.06,0
1988,1481,36,Male,Mumbai,Fashion,COD,2026-02-25,1461.92,0
2636,1476,57,Female,Pune,Grocery,Net Banking,2026-02-25,1124.66,0
1193,1136,40,Male,Delhi,Grocery,UPI,2026-02-26,1293.13,1
3969,1572,52,Female,Hyderabad,Electronics,Credit Card,2026-02-26,9046.38,1
2292,1926,36,Female,Ahmedabad,Electronics,Debit Card,2026-02-26,10641.87,0
2285,1405,39,Female,Bangalore,Grocery,UPI,2026-02-26,1056.08,0
2716,1396,34,Female,Ahmedabad,Beauty,UPI,2026-02-26,2669.68,1
2698,2159,58,Female,Delhi,Grocery,Credit Card,2026-02-26,1872.1,0
2930,1146,49,Female,Ahmedabad,Grocery,UPI,2026-02-26,854.32,1
1421,1737,31,Female,Bangalore,Electronics,UPI,2026-02-26,7473.29,0
3875,1316,58,Male,Pune,Books,COD,2026-02-26,475.86,0
2644,1660,41,Male,Hyderabad,Beauty,UPI,2026-02-27,1453.34,1
2706,1317,38,Female,Ahmedabad,Grocery,UPI,2026-02-27,1758.78,1
2775,2150,30,Male,Chennai,Books,Debit Card,2026-02-27,1046.07,1
2226,2033,58,Male,Hyderabad,Electronics,UPI,2026-02-28,6510.36,0
182,1143,18,Female,Bangalore,Home & Furniture,Credit Card,2026-02-28,5585.51,1
692,1899,49,Male,Delhi,Electronics,Credit Card,2026-02-28,5290.56,0
798,1117,24,Female,Hyderabad,Grocery,Credit Card,2026-02-28,948.15,1
1432,1973,30,Male,Kolkata,Grocery,Credit Card,2026-02-28,854.11,1
1969,1129,28,Female,Hyderabad,Fashion,COD,2026-02-28,3844.06,1
3146,1054,22,Female,Mumbai,Fashion,Net Banking,2026-02-28,1653.01,0
1835,1145,61,Female,Chennai,Home & Furniture,UPI,2026-02-28,5010.42,1
528,2081,42,Female,Hyderabad,Fashion,UPI,2026-02-28,1569.81,1
3166,1643,55,Male,Hyderabad,Electronics,COD,2026-02-28,7946.45,1
1092,1441,20,Female,Hyderabad,Electronics,Debit Card,2026-02-28,5466.51,1
3165,2082,43,Female,Hyderabad,Home & Furniture,UPI,2026-03-01,4894.55,0
264,1815,29,Male,Ahmedabad,Grocery,UPI,2026-03-01,1860.22,1
53,1034,46,Male,Mumbai,Fashion,Credit Card,2026-03-01,2623.44,1
685,1042,49,Female,Hyderabad,Fashion,UPI,2026-03-01,2237.39,1
1448,1791,63,Female,Kolkata,Grocery,Credit Card,2026-03-01,1190.49,1
2742,1593,40,Male,Mumbai,Grocery,UPI,2026-03-01,1637.02,1
2546,1272,54,Female,Hyderabad,Fashion,COD,2026-03-01,1172.43,1
3544,1021,44,Female,Kolkata,Fashion,UPI,2026-03-02,1462.49,1
2674,1853,32,Female,Kolkata,Sports,COD,2026-03-02,1700.07,0
2336,1260,18,Female,Chennai,Electronics,COD,2026-03-02,11329.65,0
181,1751,34,Male,Delhi,Beauty,Debit Card,2026-03-02,1277.77,1
1410,1380,27,Male,Bangalore,Electronics,UPI,2026-03-02,9375.61,0
3013,1411,20,Male,Delhi,Electronics,Debit Card,2026-03-02,8597.0,1
1672,1241,54,Male,Hyderabad,Electronics,Debit Card,2026-03-02,7699.55,1
3091,1328,62,Male,Hyderabad,Fashion,Debit Card,2026-03-02,1724.57,1
3151,1554,48,Male,Chennai,Home & Furniture,Credit Card,2026-03-03,4535.73,1
3660,1567,28,Male,Hyderabad,Books,UPI,2026-03-03,1058.21,0
2736,1430,24,Male,Kolkata,Books,UPI,2026-03-03,526.48,1
656,1102,51,Female,Pune,Beauty,UPI,2026-03-03,1132.55,0
3379,1383,19,Male,Hyderabad,Electronics,UPI,2026-03-03,7089.64,1
2383,1304,26,Female,Delhi,Electronics,Credit Card,2026-03-04,17547.82,0
946,1982,39,Male,Delhi,Fashion,Credit Card,2026-03-04,1341.32,1
2961,1647,41,Female,Kolkata,Grocery,UPI,2026-03-04,1385.0,0
1599,1910,36,Female,Chennai,Home & Furniture,Credit Card,2026-03-04,9177.88,1
3318,2015,59,Male,Mumbai,Fashion,Net Banking,2026-03-04,1540.33,1
2893,1394,21,Female,Hyderabad,Grocery,UPI,2026-03-04,1948.08,1
1037,1095,34,Male,Hyderabad,Electronics,Debit Card,2026-03-04,5786.14,0
1613,1552,35,Female,Mumbai,Electronics,Credit Card,2026-03-05,10670.82,1
1228,1893,35,Female,Hyderabad,Fashion,UPI,2026-03-05,3071.39,0
3160,1775,22,Male,Chennai,Grocery,UPI,2026-03-05,1632.46,0
817,1000,53,Male,Chennai,Beauty,Credit Card,2026-03-05,2170.78,1
3748,2041,19,Male,Pune,Home & Furniture,Credit Card,2026-03-05,7643.94,1
3150,1719,55,Female,Delhi,Electronics,UPI,2026-03-05,5583.61,1
122,2038,63,Male,Hyderabad,Beauty,UPI,2026-03-06,2069.63,0
2560,2070,59,Male,Mumbai,Beauty,Credit Card,2026-03-06,2165.73,0
1631,1286,48,Male,Ahmedabad,Fashion,UPI,2026-03-06,3925.98,1
1267,2163,34,Female,Bangalore,Fashion,UPI,2026-03-06,818.39,1
2275,1499,53,Female,Hyderabad,Sports,Debit Card,2026-03-06,3130.0,1
63,1161,47,Male,Delhi,Grocery,Debit Card,2026-03-07,1067.16,1
2413,2080,49,Male,Hyderabad,Beauty,UPI,2026-03-07,1813.56,1
2864,1138,51,Male,Delhi,Fashion,COD,2026-03-07,1974.01,0
69,2016,30,Male,Mumbai,Electronics,UPI,2026-03-07,7248.0,1
974,1709,48,Male,Hyderabad,Electronics,Debit Card,2026-03-07,7525.53,0
856,1600,46,Female,Chennai,Electronics,UPI,2026-03-07,3963.34,0
2346,1685,21,Male,Delhi,Grocery,Net Banking,2026-03-07,891.66,1
1590,1577,53,Female,Hyderabad,Grocery,UPI,2026-03-07,1789.72,1
2077,1743,58,Female,Kolkata,Books,UPI,2026-03-07,1008.65,1
73,1878,55,Male,Mumbai,Electronics,Credit Card,2026-03-07,10165.71,1
2353,1617,27,Male,Mumbai,Electronics,UPI,2026-03-08,8223.37,1
999,1722,53,Male,Mumbai,Fashion,Net Banking,2026-03-08,2628.02,1
1392,1191,40,Female,Mumbai,Electronics,UPI,2026-03-08,5756.8,1
129,1484,55,Female,Bangalore,Grocery,Debit Card,2026-03-08,1247.11,1
2895,1976,41,Female,Chennai,Electronics,Debit Card,2026-03-08,5791.55,1
688,1847,34,Male,Hyderabad,Home & Furniture,UPI,2026-03-08,8739.29,0
3530,1201,37,Male,Mumbai,Home & Furniture,Debit Card,2026-03-08,5989.69,1
177,1279,41,Female,Ahmedabad,Home & Furniture,UPI,2026-03-09,6092.75,1
1076,1592,18,Female,Chennai,Home & Furniture,Net Banking,2026-03-09,4616.65,0
1409,1947,18,Female,Ahmedabad,Grocery,UPI,2026-03-09,1078.94,1
2683,1261,53,Female,Pune,Fashion,Debit Card,2026-03-09,1702.82,1
1658,2024,58,Female,Hyderabad,Beauty,Debit Card,2026-03-09,1199.15,1
2755,1909,18,Female,Kolkata,Grocery,Debit Card,2026-03-09,681.76,1
2384,1370,18,Male,Bangalore,Electronics,Debit Card,2026-03-09,12371.72,1
455,1036,29,Female,Bangalore,Electronics,Credit Card,2026-03-09,9403.94,1
2494,1687,33,Male,Kolkata,Beauty,UPI,2026-03-09,2216.4,0
107,1804,64,Female,Hyderabad,Home & Furniture,UPI,2026-03-09,5466.85,0
1464,1915,64,Female,Hyderabad,Electronics,COD,2026-03-10,10939.53,1
2318,1136,25,Male,Bangalore,Beauty,UPI,2026-03-10,1371.08,0
2082,1624,49,Female,Pune,Grocery,COD,2026-03-10,1571.11,1
1861,2190,60,Female,Chennai,Fashion,UPI,2026-03-10,1916.4,1
3725,2062,63,Female,Chennai,Grocery,Credit Card,2026-03-10,2177.01,1
632,1487,20,Male,Bangalore,Fashion,UPI,2026-03-10,1374.61,1
1934,1459,24,Female,Hyderabad,Electronics,Debit Card,2026-03-10,10291.98,1
1119,1921,62,Female,Bangalore,Fashion,Net Banking,2026-03-10,2136.93,1
2177,1121,44,Female,Hyderabad,Books,UPI,2026-03-10,886.88,0
1915,1979,51,Female,Mumbai,Sports,Debit Card,2026-03-10,2707.64,1
3776,1018,50,Male,Chennai,Beauty,Debit Card,2026-03-11,1111.96,0
843,1587,32,Male,Mumbai,Home & Furniture,UPI,2026-03-11,7574.21,0
1231,2193,27,Female,Delhi,Grocery,Credit Card,2026-03-11,1233.67,0
1226,1492,39,Female,Delhi,Grocery,Net Banking,2026-03-11,1070.22,1
661,1797,47,Female,Hyderabad,Fashion,UPI,2026-03-11,1324.88,1
1360,2054,59,Female,Bangalore,Fashion,Debit Card,2026-03-11,1837.93,1
3061,1950,35,Male,Mumbai,Sports,Debit Card,2026-03-11,1581.72,1
3416,1916,46,Male,Ahmedabad,Beauty,Net Banking,2026-03-12,1305.07,1
1036,2006,61,Female,Ahmedabad,Fashion,Debit Card,2026-03-12,2195.52,1
1033,1760,63,Female,Bangalore,Electronics,Debit Card,2026-03-12,11079.11,0
1522,1316,18,Female,Chennai,Grocery,COD,2026-03-12,816.13,0
3519,1214,57,Male,Hyderabad,Home & Furniture,Debit Card,2026-03-12,10804.94,1
1525,1773,40,Female,Kolkata,Home & Furniture,COD,2026-03-12,7150.58,1
1018,1830,21,Male,Mumbai,Electronics,Debit Card,2026-03-12,13173.59,0
234,1337,43,Female,Bangalore,Sports,UPI,2026-03-12,2893.9,1
3980,1498,56,Female,Ahmedabad,Fashion,Credit Card,2026-03-12,2506.68,1
1489,1800,36,Male,Hyderabad,Books,UPI,2026-03-13,544.81,1
2334,2097,20,Female,Mumbai,Beauty,UPI,2026-03-13,1703.55,0
2983,1374,34,Male,Pune,Grocery,Debit Card,2026-03-13,1323.53,0
1060,1513,30,Female,Hyderabad,Electronics,COD,2026-03-13,10598.1,1
1330,2137,61,Female,Hyderabad,Home & Furniture,UPI,2026-03-13,8495.91,1
1600,1866,40,Female,Kolkata,Beauty,UPI,2026-03-13,1079.31,1
2089,1128,31,Male,Bangalore,Fashion,Net Banking,2026-03-13,2008.56,1
2427,1959,38,Male,Delhi,Home & Furniture,Credit Card,2026-03-13,4218.71,1
2478,1385,19,Male,Chennai,Sports,UPI,2026-03-13,2208.16,0
1145,1957,48,Male,Hyderabad,Grocery,COD,2026-03-13,1257.66,0
1206,2175,47,Male,Hyderabad,Beauty,UPI,2026-03-14,1125.19,0
2715,2064,26,Female,Pune,Grocery,Net Banking,2026-03-14,1348.44,1
617,2046,32,Male,Chennai,Fashion,Credit Card,2026-03-14,2719.94,0
2047,1509,40,Male,Delhi,Electronics,Debit Card,2026-03-14,5226.14,1
191,1146,42,Male,Hyderabad,Electronics,UPI,2026-03-14,12283.59,1
3371,1680,38,Male,Mumbai,Fashion,COD,2026-03-15,2647.18,1
573,1868,42,Female,Bangalore,Fashion,Debit Card,2026-03-15,1608.93,0
3098,1775,22,Female,Chennai,Home & Furniture,UPI,2026-03-15,3154.46,1
3337,1131,45,Female,Bangalore,Grocery,Credit Card,2026-03-15,1166.82,1
1046,1468,57,Female,Pune,Fashion,Net Banking,2026-03-15,2705.68,1
33,1957,61,Male,Bangalore,Electronics,UPI,2026-03-15,6898.89,1
70,1295,30,Male,Delhi,Beauty,Net Banking,2026-03-15,1359.36,1
3507,2056,60,Male,Bangalore,Fashion,UPI,2026-03-16,2167.69,1
1098,1837,46,Male,Mumbai,Electronics,UPI,2026-03-16,4947.16,1
3614,2064,57,Male,Mumbai,Fashion,Credit Card,2026-03-16,2585.08,1
2758,2141,59,Male,Delhi,Home & Furniture,UPI,2026-03-16,7645.67,0
746,1749,19,Female,Mumbai,Fashion,Debit Card,2026-03-16,1529.17,0
3576,1946,50,Female,Ahmedabad,Electronics,Net Banking,2026-03-16,14370.92,1
3154,1972,53,Male,Chennai,Home & Furniture,COD,2026-03-16,4079.57,1
2681,1572,35,Female,Bangalore,Grocery,Debit Card,2026-03-16,433.02,1
3035,2111,42,Female,Mumbai,Grocery,Credit Card,2026-03-16,772.24,1
1481,1720,62,Female,Mumbai,Fashion,Credit Card,2026-03-17,2848.53,0
317,1399,38,Male,Bangalore,Books,UPI,2026-03-17,703.58,0
3859,1039,33,Male,Hyderabad,Beauty,Credit Card,2026-03-17,2047.98,0
2847,1067,27,Male,Mumbai,Home & Furniture,Credit Card,2026-03-18,7673.46,1
2258,1870,57,Male,Delhi,Fashion,Credit Card,2026-03-18,1343.24,1
1734,1916,36,Female,Bangalore,Fashion,UPI,2026-03-18,2346.79,1
833,1328,53,Female,Kolkata,Sports,Credit Card,2026-03-18,2083.19,0
2181,1942,36,Male,Hyderabad,Electronics,UPI,2026-03-18,10343.24,0
547,1814,25,Male,Mumbai,Books,COD,2026-03-19,764.36,0
2191,1255,20,Female,Delhi,Electronics,Credit Card,2026-03-19,4784.29,1
2149,1118,38,Male,Delhi,Electronics,Debit Card,2026-03-19,13019.94,1
890,1195,18,Female,Mumbai,Sports,UPI,2026-03-19,3508.05,1
924,1217,59,Female,Chennai,Electronics,Net Banking,2026-03-19,8497.59,1
2671,1771,33,Female,Delhi,Fashion,Credit Card,2026-03-19,1230.36,0
2576,1550,32,Female,Delhi,Electronics,Net Banking,2026-03-19,7696.06,0
1710,1703,64,Male,Mumbai,Fashion,Credit Card,2026-03-19,3057.89,1
1488,1728,40,Male,Hyderabad,Electronics,UPI,2026-03-20,10753.73,1
1188,2109,28,Female,Hyderabad,Grocery,UPI,2026-03-20,1736.67,0
1127,1793,39,Female,Mumbai,Fashion,Debit Card,2026-03-20,1926.3,0
404,1761,57,Male,Delhi,Sports,Debit Card,2026-03-20,3560.84,1
319,1971,38,Male,Pune,Home & Furniture,UPI,2026-03-20,6496.17,0
3521,1759,61,Male,Delhi,Electronics,Debit Card,2026-03-20,3926.46,1
1457,1198,47,Female,Bangalore,Grocery,Credit Card,2026-03-20,1171.15,0
2617,1935,43,Male,Delhi,Fashion,Debit Card,2026-03-21,2689.79,1
1551,1086,23,Female,Pune,Books,Debit Card,2026-03-21,462.7,1
629,1716,62,Female,Mumbai,Books,UPI,2026-03-21,812.44,0
390,1957,21,Male,Hyderabad,Electronics,COD,2026-03-21,13984.81,1
1656,1281,27,Female,Hyderabad,Electronics,Debit Card,2026-03-21,9506.61,1
2303,1762,22,Male,Mumbai,Fashion,Net Banking,2026-03-22,1169.06,1
1287,1258,43,Male,Bangalore,Sports,Debit Card,2026-03-22,2813.33,0
2393,2016,34,Male,Delhi,Sports,UPI,2026-03-22,2861.56,1
969,1954,18,Male,Mumbai,Fashion,Credit Card,2026-03-22,3202.05,0
3970,1457,26,Female,Mumbai,Books,UPI,2026-03-22,868.17,1
3782,1945,30,Female,Kolkata,Books,UPI,2026-03-22,685.81,0
1731,2099,35,Male,Pune,Fashion,UPI,2026-03-22,2682.0,1
3291,1666,52,Female,Mumbai,Fashion,UPI,2026-03-23,1841.28,1
3224,1002,55,Female,Delhi,Electronics,UPI,2026-03-23,13191.08,1
262,1452,27,Male,Mumbai,Grocery,UPI,2026-03-23,1180.15,0
3488,2014,30,Male,Bangalore,Books,Debit Card,2026-03-23,996.66,0
2610,1786,29,Male,Bangalore,Fashion,UPI,2026-03-23,2630.1,1
2038,2086,18,Male,Kolkata,Home & Furniture,Debit Card,2026-03-24,5434.1,1
1786,1372,33,Female,Pune,Electronics,Credit Card,2026-03-25,12122.68,1
1306,1328,54,Female,Bangalore,Grocery,Credit Card,2026-03-25,1717.09,1
3471,1999,21,Female,Mumbai,Sports,UPI,2026-03-26,4096.97,1
1685,2031,43,Female,Ahmedabad,Fashion,UPI,2026-03-26,4119.83,1
1986,2048,39,Male,Pune,Home & Furniture,Net Banking,2026-03-26,5192.69,1
235,1821,31,Female,Delhi,Grocery,UPI,2026-03-26,1171.03,0
2629,1040,21,Male,Mumbai,Fashion,UPI,2026-03-26,3610.41,1
2376,1141,61,Female,Mumbai,Books,UPI,2026-03-26,884.38,1
3601,1841,46,Male,Chennai,Sports,COD,2026-03-26,1286.2,1
3766,1246,39,Female,Mumbai,Electronics,Credit Card,2026-03-27,10525.19,0
1634,1269,57,Male,Mumbai,Beauty,Debit Card,2026-03-27,1886.94,1
484,2167,21,Male,Mumbai,Electronics,Debit Card,2026-03-27,13830.79,0
1063,1745,22,Male,Mumbai,Grocery,Debit Card,2026-03-27,2304.29,1
734,1525,52,Female,Bangalore,Fashion,Debit Card,2026-03-27,1927.32,0
1972,1792,58,Female,Hyderabad,Books,Net Banking,2026-03-27,1322.37,1
1285,1752,24,Female,Bangalore,Grocery,UPI,2026-03-27,1248.72,1
3322,1823,20,Female,Ahmedabad,Fashion,Debit Card,2026-03-27,2187.0,0
2078,1553,58,Male,Bangalore,Fashion,UPI,2026-03-27,1994.95,0
311,1902,46,Female,Ahmedabad,Fashion,Credit Card,2026-03-27,1759.41,0
3935,1974,56,Male,Hyderabad,Grocery,Credit Card,2026-03-28,869.6,0
771,1594,25,Female,Delhi,Fashion,COD,2026-03-28,4252.97,0
2410,1852,27,Female,Bangalore,Electronics,Credit Card,2026-03-28,8289.76,1
2314,1398,25,Male,Delhi,Home & Furniture,Credit Card,2026-03-28,8326.5,0
3286,1888,43,Male,Bangalore,Beauty,UPI,2026-03-28,1515.27,1
2198,1540,50,Female,Hyderabad,Fashion,COD,2026-03-28,2237.9,1
1180,2112,33,Female,Pune,Books,UPI,2026-03-28,834.23,1
1383,1993,25,Female,Chennai,Fashion,UPI,2026-03-29,1351.41,1
1431,2153,35,Female,Mumbai,Home & Furniture,UPI,2026-03-29,4066.31,1
2563,1123,28,Male,Delhi,Home & Furniture,Credit Card,2026-03-29,7420.56,1
1363,1671,56,Male,Hyderabad,Books,UPI,2026-03-29,455.63,1
2316,1123,28,Male,Delhi,Electronics,UPI,2026-03-29,12157.15,0
3142,1744,19,Male,Hyderabad,Fashion,UPI,2026-03-29,2914.57,1
2179,1496,45,Female,Hyderabad,Beauty,UPI,2026-03-29,1558.48,1
909,1626,19,Female,Bangalore,Electronics,COD,2026-03-29,5781.5,0
2773,1573,40,Female,Chennai,Books,Credit Card,2026-03-29,674.94,0
1618,1230,38,Male,Chennai,Fashion,Credit Card,2026-03-29,1909.93,1
2244,2043,47,Female,Mumbai,Fashion,UPI,2026-03-29,4344.73,0
2361,1581,25,Female,Mumbai,Sports,UPI,2026-03-30,3944.05,0
3781,1448,29,Male,Hyderabad,Electronics,COD,2026-03-30,12673.09,1
267,2072,22,Female,Chennai,Electronics,UPI,2026-03-30,11125.77,0
2712,1855,38,Female,Mumbai,Books,Credit Card,2026-03-30,1011.29,1
2799,1932,56,Female,Bangalore,Fashion,Credit Card,2026-03-30,1416.4,1
1671,1692,29,Male,Mumbai,Beauty,Debit Card,2026-03-31,1775.61,0
3827,1898,46,Female,Delhi,Home & Furniture,Net Banking,2026-03-31,11538.14,1
2650,1479,44,Male,Delhi,Grocery,Debit Card,2026-03-31,1518.9,1
2030,1608,34,Female,Delhi,Electronics,UPI,2026-03-31,10465.16,0
3654,1389,62,Female,Bangalore,Home & Furniture,Net Banking,2026-03-31,5280.77,1
1332,1223,28,Male,Chennai,Sports,COD,2026-03-31,2836.81,1
1872,1035,56,Male,Hyderabad,Electronics,UPI,2026-04-01,14696.79,1
2460,1306,40,Male,Bangalore,Sports,COD,2026-04-01,6375.24,1
829,1897,51,Male,Pune,Electronics,Net Banking,2026-04-01,9202.32,1
2451,2067,57,Female,Kolkata,Home & Furniture,Credit Card,2026-04-01,3401.82,1
987,1688,63,Female,Bangalore,Grocery,Net Banking,2026-04-01,899.11,1
1799,2131,52,Female,Delhi,Fashion,UPI,2026-04-01,1906.74,0
467,1395,39,Male,Pune,Grocery,UPI,2026-04-01,1503.04,1
1955,1011,41,Female,Hyderabad,Sports,UPI,2026-04-01,3768.94,1
1043,1451,62,Female,Hyderabad,Books,UPI,2026-04-01,957.42,1
636,1153,60,Female,Bangalore,Grocery,UPI,2026-04-01,1161.78,1
2341,1930,30,Female,Hyderabad,Electronics,UPI,2026-04-01,7211.47,1
2753,1201,36,Female,Bangalore,Beauty,UPI,2026-04-01,1127.98,1
2041,1518,36,Female,Pune,Fashion,Credit Card,2026-04-02,2252.93,1
3308,2105,60,Female,Hyderabad,Electronics,COD,2026-04-02,8478.55,0
3373,1699,33,Male,Mumbai,Home & Furniture,UPI,2026-04-02,3533.09,1
3919,1735,35,Female,Bangalore,Fashion,Net Banking,2026-04-02,981.77,1
601,1176,52,Male,Mumbai,Grocery,UPI,2026-04-02,1290.51,0
3064,1022,47,Female,Hyderabad,Sports,UPI,2026-04-03,2957.98,1
2790,2086,19,Male,Bangalore,Home & Furniture,UPI,2026-04-03,7676.83,1
3855,1634,41,Female,Bangalore,Fashion,Credit Card,2026-04-03,2216.56,1
3238,1695,40,Male,Chennai,Electronics,Credit Card,2026-04-03,7851.03,0
9,1087,41,Female,Chennai,Grocery,Debit Card,2026-04-03,1112.4,0
3925,1677,37,Male,Mumbai,Beauty,COD,2026-04-03,1460.56,0
3485,1518,19,Male,Mumbai,Electronics,Credit Card,2026-04-03,11432.87,0
3446,1191,54,Female,Ahmedabad,Electronics,UPI,2026-04-03,7145.38,0
1085,1525,28,Female,Bangalore,Fashion,UPI,2026-04-03,2698.71,1
2779,2130,19,Female,Chennai,Beauty,Credit Card,2026-04-03,1056.18,1
3866,1618,33,Female,Mumbai,Grocery,Credit Card,2026-04-03,992.86,0
352,1935,57,Female,Ahmedabad,Electronics,Debit Card,2026-04-04,7064.85,1
2626,2000,55,Male,Delhi,Electronics,UPI,2026-04-04,9319.9,1
3168,1194,43,Female,Ahmedabad,Beauty,Credit Card,2026-04-04,982.28,0
2358,1631,29,Female,Pune,Grocery,Debit Card,2026-04-04,1471.6,0
1780,1788,62,Female,Mumbai,Books,UPI,2026-04-04,437.11,1
3492,2147,61,Male,Kolkata,Electronics,UPI,2026-04-04,10025.98,1
157,2136,43,Male,Ahmedabad,Sports,Debit Card,2026-04-04,2124.24,1
471,1454,32,Male,Pune,Fashion,Debit Card,2026-04-05,3282.08,0
2968,1193,48,Female,Chennai,Home & Furniture,Net Banking,2026-04-05,7986.1,0
1152,1295,55,Female,Pune,Grocery,Net Banking,2026-04-05,1302.29,1
3659,1648,53,Female,Hyderabad,Sports,COD,2026-04-05,2614.97,0
2096,1231,51,Male,Chennai,Home & Furniture,Debit Card,2026-04-05,6067.56,1
1811,1558,35,Male,Pune,Home & Furniture,UPI,2026-04-05,6717.54,1
2448,1880,50,Female,Bangalore,Electronics,Credit Card,2026-04-05,9670.82,0
1374,1699,52,Female,Hyderabad,Grocery,Credit Card,2026-04-05,1310.05,1
84,1064,25,Male,Kolkata,Grocery,Debit Card,2026-04-06,1194.15,1
2920,1364,51,Female,Pune,Grocery,COD,2026-04-06,677.71,0
580,1460,23,Female,Hyderabad,Books,Debit Card,2026-04-06,614.48,0
2685,1282,37,Male,Hyderabad,Home & Furniture,Debit Card,2026-04-06,7386.57,1
1021,1799,31,Male,Chennai,Home & Furniture,Credit Card,2026-04-06,6976.52,0
1319,1974,56,Female,Mumbai,Fashion,Credit Card,2026-04-06,1846.3,1
3478,1451,26,Male,Delhi,Electronics,UPI,2026-04-06,6469.74,1
2598,1613,52,Male,Ahmedabad,Fashion,COD,2026-04-06,2885.65,1
3611,1859,39,Male,Mumbai,Fashion,UPI,2026-04-06,3391.8,1
2632,1513,24,Female,Mumbai,Grocery,Credit Card,2026-04-06,1555.27,1
3053,1197,46,Female,Mumbai,Fashion,Credit Card,2026-04-06,1808.41,0
2003,1671,57,Female,Hyderabad,Fashion,Debit Card,2026-04-06,1328.92,1
1698,1743,45,Male,Bangalore,Books,Debit Card,2026-04-07,496.79,1
71,1719,19,Male,Hyderabad,Sports,UPI,2026-04-07,2865.55,0
1845,1660,31,Male,Mumbai,Fashion,UPI,2026-04-07,1088.26,1
3532,1321,42,Male,Pune,Electronics,UPI,2026-04-07,7121.64,1
2422,1343,46,Male,Mumbai,Home & Furniture,Debit Card,2026-04-08,5093.71,1
1790,1290,40,Female,Chennai,Electronics,Net Banking,2026-04-08,7712.56,0
1514,1870,61,Female,Hyderabad,Grocery,Net Banking,2026-04-08,1226.25,1
1927,1405,32,Male,Kolkata,Home & Furniture,UPI,2026-04-08,5426.5,1
835,1776,64,Male,Bangalore,Sports,UPI,2026-04-08,5378.91,0
1531,1110,30,Male,Ahmedabad,Electronics,UPI,2026-04-08,12894.8,0
1,2126,60,Female,Kolkata,Electronics,Credit Card,2026-04-08,5770.14,0
3105,1539,48,Male,Hyderabad,Grocery,UPI,2026-04-08,1435.21,0
1007,1017,62,Male,Bangalore,Sports,Debit Card,2026-04-08,3609.69,0
350,1866,18,Male,Kolkata,Sports,UPI,2026-04-08,2851.77,1
2521,1700,28,Female,Mumbai,Fashion,UPI,2026-04-08,3150.81,1
277,1496,62,Male,Mumbai,Fashion,UPI,2026-04-09,1915.07,1
3797,1070,32,Male,Delhi,Grocery,UPI,2026-04-09,951.24,0
464,1698,38,Female,Delhi,Home & Furniture,UPI,2026-04-09,8614.83,1
2793,2098,34,Male,Ahmedabad,Home & Furniture,UPI,2026-04-09,8798.43,1
1449,1491,51,Male,Mumbai,Grocery,COD,2026-04-09,729.08,0
80,1492,57,Male,Hyderabad,Electronics,UPI,2026-04-09,10248.52,0
1155,1938,36,Male,Chennai,Electronics,UPI,2026-04-09,11992.41,1
97,1040,64,Female,Hyderabad,Fashion,UPI,2026-04-09,1636.23,1
2363,1595,53,Male,Ahmedabad,Electronics,UPI,2026-04-09,5870.18,0
815,1139,42,Male,Mumbai,Grocery,UPI,2026-04-09,1187.47,1
3144,1664,61,Female,Chennai,Books,COD,2026-04-09,1311.55,1
77,1763,28,Male,Bangalore,Electronics,Net Banking,2026-04-10,7109.47,1
3828,1138,37,Male,Hyderabad,Books,UPI,2026-04-10,720.36,1
1715,1780,32,Male,Delhi,Fashion,Credit Card,2026-04-10,3176.67,0
2987,2036,19,Male,Hyderabad,Fashion,Net Banking,2026-04-10,1981.9,1
3746,1645,37,Male,Hyderabad,Electronics,UPI,2026-04-11,6422.66,0
1863,1998,33,Female,Ahmedabad,Books,Credit Card,2026-04-11,602.48,1
913,1010,61,Male,Hyderabad,Grocery,UPI,2026-04-11,1685.83,1
2071,1182,32,Male,Pune,Sports,COD,2026-04-11,5248.64,1
2061,1172,19,Male,Kolkata,Books,UPI,2026-04-11,1116.36,1
928,1992,19,Male,Ahmedabad,Books,UPI,2026-04-11,927.37,0
109,1683,25,Female,Hyderabad,Grocery,Debit Card,2026-04-11,751.17,0
2711,1552,31,Male,Mumbai,Home & Furniture,Debit Card,2026-04-11,5961.68,1
3759,1633,29,Female,Chennai,Home & Furniture,UPI,2026-04-12,6390.48,0
1750,1815,46,Male,Bangalore,Electronics,Credit Card,2026-04-12,10688.7,1
1189,1249,45,Male,Pune,Electronics,COD,2026-04-12,12684.03,1
3636,1337,26,Male,Bangalore,Grocery,UPI,2026-04-12,1200.42,0
3683,1973,42,Female,Pune,Fashion,UPI,2026-04-12,2182.43,1
5,2044,42,Male,Delhi,Beauty,Debit Card,2026-04-12,2808.09,1
976,1176,19,Male,Hyderabad,Electronics,UPI,2026-04-12,5959.94,1
1269,1060,63,Female,Delhi,Grocery,Net Banking,2026-04-12,1266.15,1
811,1723,54,Male,Chennai,Electronics,Debit Card,2026-04-12,5270.02,1
1278,1771,19,Female,Chennai,Fashion,UPI,2026-04-13,2711.04,0
78,1187,25,Male,Hyderabad,Grocery,Debit Card,2026-04-13,851.97,1
3075,1912,52,Male,Mumbai,Electronics,Credit Card,2026-04-13,8259.56,0
2189,1235,35,Female,Delhi,Fashion,UPI,2026-04-13,2805.43,0
3556,1366,33,Male,Hyderabad,Electronics,Credit Card,2026-04-13,10355.47,0
3409,1009,59,Male,Hyderabad,Electronics,Debit Card,2026-04-13,8388.52,1
1355,1006,39,Female,Pune,Electronics,Debit Card,2026-04-14,8057.04,1
1964,1947,39,Female,Mumbai,Fashion,UPI,2026-04-14,2204.64,1
3779,1174,37,Male,Ahmedabad,Beauty,UPI,2026-04-14,1684.86,0
1902,1452,21,Male,Ahmedabad,Fashion,Credit Card,2026-04-14,1329.51,0
3012,2037,52,Male,Hyderabad,Grocery,Debit Card,2026-04-14,2673.23,1
1733,1142,33,Male,Chennai,Books,Credit Card,2026-04-14,765.67,0
3648,1690,35,Female,Pune,Electronics,Credit Card,2026-04-14,6023.95,1
1795,1588,53,Female,Bangalore,Electronics,UPI,2026-04-14,15947.43,1
3671,1511,49,Male,Mumbai,Electronics,Net Banking,2026-04-14,8261.64,1
2643,1493,51,Female,Bangalore,Grocery,UPI,2026-04-15,1191.56,1
740,1525,38,Female,Kolkata,Fashion,Net Banking,2026-04-15,2054.28,1
3445,1182,45,Male,Ahmedabad,Grocery,Debit Card,2026-04-15,1217.56,1
2748,1331,38,Male,Pune,Electronics,Credit Card,2026-04-16,6794.08,0
96,2017,62,Male,Kolkata,Home & Furniture,Credit Card,2026-04-16,5146.76,1
1026,2031,29,Female,Bangalore,Beauty,Debit Card,2026-04-16,766.63,1
3388,1868,58,Female,Hyderabad,Beauty,UPI,2026-04-16,1210.55,1
1943,1760,63,Male,Pune,Grocery,UPI,2026-04-16,1881.93,1
3888,1219,56,Male,Bangalore,Electronics,Credit Card,2026-04-17,4748.52,1
896,2182,64,Female,Hyderabad,Electronics,UPI,2026-04-17,7967.52,0
1683,1891,46,Female,Delhi,Grocery,Credit Card,2026-04-17,1043.18,1
1000,1031,39,Female,Hyderabad,Sports,Debit Card,2026-04-17,2293.29,1
795,1074,33,Female,Kolkata,Books,Debit Card,2026-04-17,1148.27,1
3774,2198,41,Male,Ahmedabad,Electronics,UPI,2026-04-17,7144.37,1
2453,2011,21,Female,Bangalore,Beauty,UPI,2026-04-18,1241.71,1
3780,2001,33,Female,Mumbai,Books,UPI,2026-04-18,597.22,0
1822,1681,64,Male,Hyderabad,Grocery,Debit Card,2026-04-18,1443.22,0
3096,2196,64,Male,Mumbai,Home & Furniture,Debit Card,2026-04-18,5725.13,1
1659,1118,25,Male,Mumbai,Grocery,COD,2026-04-18,1136.74,1
36,2154,58,Male,Delhi,Fashion,UPI,2026-04-18,5633.31,1
670,1758,59,Female,Delhi,Beauty,UPI,2026-04-18,1774.4,1
2875,1272,22,Male,Delhi,Beauty,COD,2026-04-18,1454.57,1
3876,1718,23,Female,Pune,Books,UPI,2026-04-19,689.48,1
3819,1498,50,Male,Pune,Electronics,Credit Card,2026-04-19,19073.35,1
318,1653,47,Male,Hyderabad,Sports,Net Banking,2026-04-19,4386.7,1
2489,2152,24,Female,Kolkata,Home & Furniture,UPI,2026-04-19,3217.25,1
1302,1780,47,Male,Delhi,Beauty,Debit Card,2026-04-19,1514.83,1
915,1549,43,Male,Bangalore,Grocery,Credit Card,2026-04-19,1058.61,1
2259,1404,19,Female,Bangalore,Electronics,Debit Card,2026-04-20,9803.37,1
2169,1123,35,Male,Delhi,Sports,Net Banking,2026-04-20,3371.78,1
1887,1148,53,Female,Bangalore,Home & Furniture,Debit Card,2026-04-20,3665.56,0
3913,1513,62,Male,Bangalore,Fashion,UPI,2026-04-20,1596.03,1
3881,1806,19,Female,Chennai,Beauty,Credit Card,2026-04-20,1592.82,1
673,1132,57,Female,Delhi,Home & Furniture,Debit Card,2026-04-20,4139.24,0
364,1790,57,Male,Kolkata,Electronics,UPI,2026-04-20,9928.68,1
3668,1419,60,Male,Hyderabad,Electronics,UPI,2026-04-20,5694.33,1
3116,2067,28,Female,Pune,Fashion,Debit Card,2026-04-20,2162.41,0
3204,1158,26,Female,Pune,Beauty,Credit Card,2026-04-20,1329.67,1
2939,1021,34,Female,Hyderabad,Electronics,Credit Card,2026-04-20,14478.56,0
8,1330,40,Male,Bangalore,Electronics,Net Banking,2026-04-20,5305.29,1
2299,1480,22,Male,Mumbai,Grocery,UPI,2026-04-20,1710.97,1
169,1729,45,Male,Ahmedabad,Grocery,COD,2026-04-21,933.64,0
1952,2124,59,Female,Kolkata,Books,Credit Card,2026-04-21,850.99,0
590,1009,32,Female,Delhi,Beauty,UPI,2026-04-21,2604.93,1
294,1685,25,Female,Hyderabad,Electronics,UPI,2026-04-21,5458.64,1
3846,2072,23,Male,Mumbai,Electronics,Debit Card,2026-04-21,7911.45,1
3219,1597,57,Female,Kolkata,Beauty,Credit Card,2026-04-21,1593.99,1
2743,1484,37,Male,Bangalore,Electronics,Credit Card,2026-04-21,12558.84,1
1898,1613,18,Male,Chennai,Home & Furniture,UPI,2026-04-21,4374.54,1
2461,1778,33,Male,Hyderabad,Fashion,UPI,2026-04-21,1627.68,1
3415,1152,26,Male,Pune,Sports,COD,2026-04-22,2838.32,0
2501,1648,30,Male,Delhi,Grocery,Debit Card,2026-04-22,1443.51,1
810,1835,38,Male,Mumbai,Fashion,Credit Card,2026-04-22,2800.47,0
2945,1193,56,Male,Hyderabad,Fashion,UPI,2026-04-22,2121.5,1
559,1735,52,Male,Chennai,Electronics,UPI,2026-04-22,7328.26,1
3965,1956,54,Male,Mumbai,Fashion,UPI,2026-04-22,2179.39,0
1143,1750,29,Male,Chennai,Grocery,Credit Card,2026-04-22,1117.29,1
3033,1293,51,Female,Bangalore,Electronics,UPI,2026-04-22,10280.95,1
3284,1612,61,Male,Mumbai,Grocery,UPI,2026-04-22,1351.14,1
3858,1205,44,Female,Bangalore,Books,UPI,2026-04-22,1079.36,0
61,1401,57,Male,Delhi,Home & Furniture,UPI,2026-04-22,4009.18,1
3419,1752,32,Male,Kolkata,Electronics,UPI,2026-04-22,8451.52,0
3707,1276,19,Male,Mumbai,Electronics,Debit Card,2026-04-23,9293.49,1
3411,1504,50,Male,Delhi,Books,Debit Card,2026-04-23,640.51,1
1008,1768,53,Female,Delhi,Electronics,Credit Card,2026-04-23,7437.72,1
1784,1963,18,Male,Hyderabad,Electronics,Debit Card,2026-04-23,8960.34,0
2579,1209,36,Female,Hyderabad,Electronics,Debit Card,2026-04-23,13439.32,1
960,1243,29,Male,Kolkata,Electronics,UPI,2026-04-23,12553.81,1
1867,1553,56,Female,Hyderabad,Beauty,Debit Card,2026-04-23,2347.41,0
1859,1262,54,Male,Hyderabad,Home & Furniture,UPI,2026-04-24,9142.21,1
2834,2058,45,Male,Pune,Grocery,Net Banking,2026-04-24,787.38,1
2582,1218,21,Female,Hyderabad,Beauty,Net Banking,2026-04-24,1273.86,1
3282,1943,41,Female,Bangalore,Electronics,UPI,2026-04-25,7548.38,1
59,2129,32,Female,Chennai,Home & Furniture,UPI,2026-04-25,4069.07,0
3424,2111,46,Male,Ahmedabad,Sports,UPI,2026-04-25,8469.45,1
2889,2140,48,Female,Delhi,Electronics,Credit Card,2026-04-25,13648.72,1
492,2156,40,Female,Pune,Grocery,Credit Card,2026-04-25,750.99,0
933,2007,42,Male,Hyderabad,Books,Debit Card,2026-04-25,414.46,1
1666,2008,54,Female,Pune,Home & Furniture,COD,2026-04-25,5084.58,0
3138,1464,60,Female,Chennai,Electronics,UPI,2026-04-25,8456.34,1
1404,1703,58,Female,Chennai,Sports,Debit Card,2026-04-25,4144.97,1
3686,2061,43,Female,Bangalore,Sports,Net Banking,2026-04-26,3196.42,1
238,1160,56,Female,Pune,Grocery,Debit Card,2026-04-26,973.51,0
11,1871,63,Male,Delhi,Electronics,UPI,2026-04-26,5344.32,1
3561,1480,29,Male,Bangalore,Electronics,Credit Card,2026-04-26,8235.68,0
3162,1982,43,Male,Delhi,Grocery,COD,2026-04-26,915.22,1
2482,1876,35,Female,Bangalore,Sports,Credit Card,2026-04-27,2984.15,0
733,1725,31,Female,Chennai,Electronics,Credit Card,2026-04-27,6665.93,1
2473,1237,46,Male,Ahmedabad,Sports,UPI,2026-04-27,3028.14,1
2086,2143,24,Male,Hyderabad,Fashion,Net Banking,2026-04-27,1457.83,0
1494,1400,50,Female,Kolkata,Grocery,UPI,2026-04-27,1054.76,0
3785,1929,56,Male,Hyderabad,Home & Furniture,Debit Card,2026-04-27,4810.68,0
3807,1540,24,Female,Chennai,Grocery,UPI,2026-04-27,996.33,0
1442,1569,57,Female,Pune,Books,UPI,2026-04-28,1351.53,0
229,1509,34,Female,Delhi,Home & Furniture,UPI,2026-04-28,6215.96,0
1215,1985,32,Female,Hyderabad,Home & Furniture,UPI,2026-04-28,8820.46,1
3081,1872,58,Female,Mumbai,Sports,UPI,2026-04-28,2332.17,1
1821,1377,20,Female,Hyderabad,Grocery,UPI,2026-04-28,1083.28,1
1809,2107,41,Male,Hyderabad,Fashion,COD,2026-04-28,1943.57,0
1840,1686,24,Male,Bangalore,Beauty,Debit Card,2026-04-28,955.37,0
3727,1424,45,Female,Pune,Grocery,Debit Card,2026-04-28,1065.96,0
1099,2169,37,Male,Mumbai,Electronics,UPI,2026-04-29,9117.65,0
2766,1295,55,Male,Hyderabad,Grocery,Net Banking,2026-04-29,1166.49,1
2102,1725,27,Male,Bangalore,Beauty,UPI,2026-04-29,1228.68,0
3022,2082,25,Female,Delhi,Grocery,Debit Card,2026-04-29,1168.11,0
2459,1708,36,Male,Delhi,Home & Furniture,UPI,2026-04-29,4788.72,0
47,1564,57,Male,Ahmedabad,Grocery,UPI,2026-04-29,1159.78,1
1624,1027,48,Female,Chennai,Fashion,UPI,2026-04-30,2481.81,0
1642,1575,32,Male,Ahmedabad,Grocery,COD,2026-04-30,1055.29,1
3273,1136,34,Male,Chennai,Home & Furniture,UPI,2026-04-30,7877.51,1
3083,2036,22,Male,Mumbai,Grocery,UPI,2026-04-30,862.98,1
3015,1052,43,Male,Kolkata,Fashion,Net Banking,2026-04-30,2745.08,0
531,1828,39,Male,Hyderabad,Sports,UPI,2026-05-01,2784.85,1
1035,2074,32,Male,Pune,Fashion,Net Banking,2026-05-01,1829.88,1
3936,1387,53,Male,Mumbai,Sports,UPI,2026-05-01,3416.26,1
2148,1377,28,Male,Hyderabad,Fashion,Net Banking,2026-05-01,3378.8,1
1637,1861,26,Male,Bangalore,Electronics,Credit Card,2026-05-01,10722.66,0
2399,1572,23,Male,Mumbai,Sports,UPI,2026-05-01,4082.9,1
2586,1549,57,Female,Chennai,Grocery,UPI,2026-05-01,1731.76,0
3793,1294,57,Female,Delhi,Fashion,Debit Card,2026-05-02,4155.49,1
1460,1959,22,Male,Delhi,Home & Furniture,COD,2026-05-02,8672.62,1
2348,1984,22,Male,Pune,Fashion,Net Banking,2026-05-02,2577.37,1
3945,1533,54,Male,Hyderabad,Sports,UPI,2026-05-02,3044.01,0
19,2184,59,Male,Hyderabad,Fashion,UPI,2026-05-02,2226.98,1
2124,1231,28,Female,Bangalore,Beauty,Credit Card,2026-05-02,1153.2,0
2872,1995,25,Female,Bangalore,Home & Furniture,Debit Card,2026-05-02,7686.66,0
657,1763,60,Male,Chennai,Electronics,Debit Card,2026-05-03,10891.27,1
3237,1559,25,Male,Bangalore,Grocery,COD,2026-05-03,979.33,1
407,2015,59,Female,Mumbai,Grocery,UPI,2026-05-03,1966.79,0
886,2020,56,Male,Hyderabad,Beauty,COD,2026-05-04,1489.85,0
1728,1454,64,Female,Delhi,Grocery,UPI,2026-05-04,851.97,1
889,1288,41,Male,Delhi,Grocery,Debit Card,2026-05-04,1021.5,0
1320,1037,61,Female,Bangalore,Grocery,UPI,2026-05-04,1407.01,1
1492,1213,45,Female,Delhi,Grocery,Net Banking,2026-05-04,1044.41,1
3639,2187,20,Male,Mumbai,Electronics,Net Banking,2026-05-04,8370.36,1
2788,1846,44,Male,Hyderabad,Sports,Debit Card,2026-05-04,2467.54,1
330,1313,50,Male,Delhi,Home & Furniture,Debit Card,2026-05-04,6667.04,1
1739,1290,24,Male,Chennai,Home & Furniture,UPI,2026-05-05,9909.32,1
3252,1796,18,Male,Mumbai,Home & Furniture,UPI,2026-05-05,8707.66,0
2018,1456,51,Female,Kolkata,Fashion,UPI,2026-05-05,2174.29,1
2161,1522,62,Female,Chennai,Home & Furniture,UPI,2026-05-05,11296.29,1
1040,2143,61,Female,Hyderabad,Electronics,UPI,2026-05-06,4098.52,1
1456,2050,56,Male,Bangalore,Beauty,Credit Card,2026-05-06,1483.74,1
2969,1702,61,Male,Delhi,Electronics,Credit Card,2026-05-06,12560.92,0
1225,1015,24,Female,Ahmedabad,Electronics,Net Banking,2026-05-06,8044.18,1
2958,1000,41,Female,Hyderabad,Home & Furniture,UPI,2026-05-06,10381.54,1
2069,1702,43,Female,Bangalore,Home & Furniture,Net Banking,2026-05-06,7252.41,1
485,1568,44,Male,Kolkata,Fashion,Debit Card,2026-05-06,2320.73,0
3763,1673,47,Female,Chennai,Beauty,UPI,2026-05-06,2890.77,0
2603,1283,46,Female,Bangalore,Electronics,UPI,2026-05-06,11209.86,1
416,1851,55,Male,Chennai,Books,UPI,2026-05-06,812.18,1
1584,1151,36,Female,Delhi,Home & Furniture,UPI,2026-05-07,6684.29,1
988,1147,31,Male,Hyderabad,Grocery,UPI,2026-05-07,1044.12,1
1938,1113,57,Female,Mumbai,Grocery,Net Banking,2026-05-07,1138.91,1
1542,1514,61,Male,Hyderabad,Books,Credit Card,2026-05-07,626.3,1
1475,1500,36,Male,Kolkata,Electronics,Net Banking,2026-05-07,8386.7,1
768,1033,44,Male,Hyderabad,Sports,Net Banking,2026-05-08,2031.19,0
3072,1532,50,Male,Ahmedabad,Grocery,Net Banking,2026-05-08,1048.29,0
842,2160,64,Male,Hyderabad,Beauty,Net Banking,2026-05-08,1759.67,1
2407,1197,29,Female,Hyderabad,Electronics,Debit Card,2026-05-08,18060.38,1
985,1848,38,Male,Delhi,Fashion,Credit Card,2026-05-08,2458.14,1
931,2003,55,Male,Hyderabad,Beauty,UPI,2026-05-08,1298.44,1
1717,1588,61,Male,Pune,Fashion,UPI,2026-05-08,3656.41,1
367,2081,39,Female,Pune,Home & Furniture,UPI,2026-05-08,11906.98,0
2180,1779,54,Female,Hyderabad,Electronics,UPI,2026-05-08,6435.74,1
1882,1827,22,Male,Hyderabad,Books,Debit Card,2026-05-09,755.11,1
3693,1241,38,Male,Pune,Home & Furniture,UPI,2026-05-09,8471.62,1
1932,2012,21,Male,Delhi,Grocery,UPI,2026-05-09,1128.81,0
3093,1951,43,Female,Delhi,Beauty,COD,2026-05-09,2840.36,1
963,1385,27,Female,Kolkata,Grocery,Debit Card,2026-05-09,1778.13,1
1541,1894,62,Male,Mumbai,Grocery,Credit Card,2026-05-09,1298.41,0
3921,1061,43,Male,Hyderabad,Fashion,Credit Card,2026-05-10,1738.52,1
2279,1161,51,Female,Pune,Grocery,UPI,2026-05-10,996.21,0
3649,1493,29,Male,Hyderabad,Grocery,Debit Card,2026-05-10,767.87,0
1041,1813,51,Male,Kolkata,Grocery,Credit Card,2026-05-10,2520.74,1
1082,1735,56,Male,Bangalore,Electronics,Debit Card,2026-05-10,11121.38,1
1847,1804,44,Male,Mumbai,Fashion,Debit Card,2026-05-10,2085.21,1
368,1633,55,Female,Mumbai,Grocery,Net Banking,2026-05-10,1642.47,1
2190,1202,49,Male,Pune,Fashion,Credit Card,2026-05-11,1870.45,1
1922,1363,54,Male,Chennai,Books,Credit Card,2026-05-11,558.92,0
981,1665,45,Male,Pune,Fashion,Credit Card,2026-05-11,2188.18,0
3981,1949,42,Female,Delhi,Electronics,UPI,2026-05-11,9409.92,0
3109,1355,56,Female,Bangalore,Electronics,COD,2026-05-11,11259.34,0
3355,1039,21,Female,Ahmedabad,Fashion,Debit Card,2026-05-11,3202.85,1
3605,2150,23,Male,Mumbai,Home & Furniture,UPI,2026-05-12,5603.43,1
1890,2013,39,Female,Mumbai,Books,COD,2026-05-12,755.05,0
98,2051,44,Male,Ahmedabad,Electronics,Credit Card,2026-05-12,8926.74,0
3524,1337,60,Female,Delhi,Electronics,Net Banking,2026-05-12,7849.68,1
2113,1086,63,Male,Mumbai,Sports,UPI,2026-05-12,3013.72,0
2785,1194,37,Female,Mumbai,Home & Furniture,UPI,2026-05-12,11204.34,1
1425,1038,60,Female,Delhi,Electronics,Credit Card,2026-05-12,13845.74,1
2263,1187,32,Female,Hyderabad,Beauty,UPI,2026-05-12,2267.84,1
669,1541,49,Male,Bangalore,Books,Debit Card,2026-05-12,861.01,1
647,1762,33,Male,Ahmedabad,Fashion,Credit Card,2026-05-12,1146.76,0
1856,1440,38,Male,Mumbai,Electronics,UPI,2026-05-12,14074.39,0
3316,1104,56,Female,Bangalore,Fashion,Debit Card,2026-05-12,2016.36,1
2373,1198,38,Female,Chennai,Grocery,UPI,2026-05-12,916.88,1
995,1989,39,Male,Hyderabad,Fashion,UPI,2026-05-13,1737.78,1
3169,1488,25,Male,Pune,Electronics,UPI,2026-05-13,8567.04,0
1047,1909,31,Female,Mumbai,Beauty,Credit Card,2026-05-13,1848.82,1
3027,2098,62,Male,Hyderabad,Electronics,COD,2026-05-13,13702.77,1
2815,2054,31,Male,Delhi,Electronics,UPI,2026-05-13,6325.68,1
1785,2007,44,Female,Hyderabad,Fashion,UPI,2026-05-13,2257.36,0
3864,1842,33,Female,Hyderabad,Fashion,Net Banking,2026-05-14,1356.36,1
1105,2040,52,Male,Chennai,Sports,UPI,2026-05-14,4873.32,1
1854,2100,46,Male,Chennai,Fashion,COD,2026-05-14,2760.28,1
1434,2045,31,Female,Mumbai,Electronics,COD,2026-05-14,7312.66,0
3990,1991,49,Male,Chennai,Sports,UPI,2026-05-14,2729.45,1
1078,2181,61,Male,Mumbai,Electronics,Debit Card,2026-05-14,6135.05,0
2428,1031,19,Female,Mumbai,Fashion,Debit Card,2026-05-14,1248.03,1
1640,1512,34,Male,Chennai,Electronics,Credit Card,2026-05-14,7120.93,0
3350,1474,60,Male,Ahmedabad,Electronics,COD,2026-05-14,10020.61,1
3589,1816,23,Male,Hyderabad,Fashion,COD,2026-05-14,1085.01,0
337,1443,51,Female,Pune,Home & Furniture,UPI,2026-05-14,3546.21,1
2426,1560,50,Female,Bangalore,Grocery,Debit Card,2026-05-15,947.19,0
2942,1319,19,Male,Hyderabad,Fashion,Debit Card,2026-05-15,1551.76,1
1808,1035,34,Male,Delhi,Fashion,COD,2026-05-15,1660.11,1
322,2115,36,Male,Hyderabad,Electronics,Debit Card,2026-05-15,14288.17,0
2276,1899,31,Male,Bangalore,Fashion,Debit Card,2026-05-15,1329.97,0
1502,1713,57,Female,Hyderabad,Books,UPI,2026-05-15,632.19,1
2176,1887,32,Male,Kolkata,Fashion,Debit Card,2026-05-15,2585.45,1
3484,1839,64,Female,Kolkata,Home & Furniture,Debit Card,2026-05-15,7593.68,1
3517,1390,38,Female,Mumbai,Books,Credit Card,2026-05-15,919.73,0
2227,1301,31,Male,Delhi,Electronics,Net Banking,2026-05-15,14097.76,0
2557,1935,51,Female,Bangalore,Electronics,Credit Card,2026-05-16,8572.84,0
1966,1398,47,Female,Kolkata,Grocery,Credit Card,2026-05-16,842.98,1
2564,1000,59,Female,Bangalore,Sports,UPI,2026-05-16,2350.8,1
1272,1806,58,Female,Hyderabad,Grocery,UPI,2026-05-16,1145.23,0
1373,1865,32,Female,Delhi,Home & Furniture,Credit Card,2026-05-16,7991.99,1
1992,1536,18,Female,Bangalore,Grocery,COD,2026-05-16,1952.61,1
269,2195,58,Male,Delhi,Grocery,UPI,2026-05-16,650.88,0
2109,1466,32,Male,Pune,Grocery,UPI,2026-05-16,1272.61,1
2267,1272,19,Male,Mumbai,Grocery,Credit Card,2026-05-16,594.42,1
2721,2191,60,Male,Hyderabad,Books,UPI,2026-05-16,1107.17,0
2297,1182,54,Female,Delhi,Sports,Debit Card,2026-05-17,3030.18,0
3351,1835,62,Male,Ahmedabad,Electronics,Debit Card,2026-05-17,9981.86,1
624,2101,21,Male,Delhi,Home & Furniture,UPI,2026-05-17,7297.37,1
2596,1269,35,Male,Delhi,Fashion,UPI,2026-05-17,4800.32,1
3822,1717,34,Male,Bangalore,Fashion,COD,2026-05-17,1236.6,1
2357,1269,28,Male,Kolkata,Books,UPI,2026-05-17,584.94,0
1229,1310,58,Male,Chennai,Fashion,UPI,2026-05-17,1762.25,1
3030,2017,58,Male,Hyderabad,Electronics,Credit Card,2026-05-18,17765.82,0
3992,1514,30,Male,Chennai,Grocery,COD,2026-05-18,1580.68,0
3823,1338,40,Female,Hyderabad,Grocery,Net Banking,2026-05-18,1486.65,1
3233,1049,46,Male,Mumbai,Books,COD,2026-05-18,1251.93,0
3600,1656,34,Female,Hyderabad,Electronics,UPI,2026-05-18,7781.92,0
577,1958,22,Female,Chennai,Sports,Credit Card,2026-05-18,1471.74,0
1436,1747,35,Female,Chennai,Electronics,Credit Card,2026-05-19,9986.86,0
2065,1994,55,Male,Mumbai,Fashion,Net Banking,2026-05-19,1224.74,0
2878,1761,47,Male,Hyderabad,Electronics,UPI,2026-05-19,8538.59,1
3472,1524,42,Female,Chennai,Electronics,UPI,2026-05-19,22579.26,0
2682,1779,31,Male,Delhi,Books,COD,2026-05-19,790.01,0
804,1846,53,Female,Delhi,Beauty,UPI,2026-05-19,1774.69,0
2827,1244,40,Male,Ahmedabad,Beauty,UPI,2026-05-19,1455.4,1
261,1959,52,Male,Delhi,Electronics,Debit Card,2026-05-19,5520.41,0
2623,1819,59,Female,Ahmedabad,Home & Furniture,UPI,2026-05-20,9636.96,1
812,1224,44,Female,Mumbai,Fashion,UPI,2026-05-20,2027.03,1
462,1728,47,Male,Bangalore,Fashion,UPI,2026-05-20,3215.07,0
3752,1720,58,Male,Mumbai,Electronics,Net Banking,2026-05-20,8373.46,0
1314,1520,46,Female,Mumbai,Fashion,Debit Card,2026-05-21,3413.75,1
2011,2010,34,Male,Pune,Fashion,COD,2026-05-21,3229.33,1
3743,1596,46,Male,Bangalore,Books,Credit Card,2026-05-21,524.95,0
3552,1147,54,Female,Hyderabad,Electronics,UPI,2026-05-21,6003.74,1
910,1754,59,Female,Chennai,Sports,Credit Card,2026-05-21,2994.53,1
783,1822,25,Male,Mumbai,Electronics,Credit Card,2026-05-21,6745.0,1
622,2168,45,Male,Bangalore,Fashion,UPI,2026-05-21,1903.16,0
3369,1253,46,Female,Delhi,Home & Furniture,Credit Card,2026-05-22,8154.92,1
2147,1216,57,Female,Delhi,Home & Furniture,UPI,2026-05-22,4108.8,1
3647,1602,46,Female,Mumbai,Fashion,Credit Card,2026-05-22,3815.17,1
3410,1725,26,Male,Ahmedabad,Home & Furniture,Debit Card,2026-05-22,5614.49,0
1697,1302,56,Male,Ahmedabad,Electronics,Debit Card,2026-05-22,12982.64,1
1378,1674,55,Male,Bangalore,Books,UPI,2026-05-22,881.39,0
1337,2063,46,Male,Delhi,Fashion,Net Banking,2026-05-22,1607.21,0
3349,1923,41,Female,Ahmedabad,Grocery,UPI,2026-05-22,1371.51,1
3277,1170,58,Male,Pune,Fashion,COD,2026-05-22,731.78,0
2116,1844,24,Female,Ahmedabad,Grocery,Debit Card,2026-05-22,1565.98,0
1763,1497,43,Female,Chennai,Fashion,UPI,2026-05-22,2562.98,1
1730,2088,25,Male,Bangalore,Grocery,Credit Card,2026-05-23,1003.29,0
3984,1802,60,Male,Mumbai,Sports,COD,2026-05-23,2542.31,0
1816,1725,44,Male,Delhi,Beauty,Debit Card,2026-05-23,1662.88,1
1002,1284,33,Female,Delhi,Fashion,UPI,2026-05-23,1533.38,1
1241,1476,21,Male,Pune,Grocery,Net Banking,2026-05-23,1037.32,0
3040,1888,62,Female,Chennai,Sports,Debit Card,2026-05-23,2876.91,0
151,1317,45,Male,Pune,Electronics,UPI,2026-05-23,10500.51,0
1291,1688,23,Male,Bangalore,Sports,UPI,2026-05-23,4681.02,1
600,1223,53,Female,Ahmedabad,Home & Furniture,UPI,2026-05-23,3824.11,1
1426,1886,23,Female,Pune,Home & Furniture,Credit Card,2026-05-24,7026.22,1
950,1370,58,Male,Ahmedabad,Electronics,Credit Card,2026-05-24,4848.39,1
2338,1637,56,Female,Mumbai,Grocery,UPI,2026-05-24,1033.5,1
1453,1984,23,Female,Pune,Fashion,Credit Card,2026-05-24,3375.3,1
195,1928,34,Female,Pune,Grocery,COD,2026-05-24,661.76,1
2430,1276,64,Male,Pune,Home & Furniture,Credit Card,2026-05-24,5337.03,0
2625,1820,43,Female,Bangalore,Grocery,Credit Card,2026-05-24,1798.85,1
3450,1863,61,Male,Delhi,Fashion,COD,2026-05-24,1544.8,0
375,1896,41,Male,Hyderabad,Grocery,Credit Card,2026-05-24,2012.6,1
926,1957,19,Male,Mumbai,Grocery,UPI,2026-05-24,1962.3,1
461,1595,19,Female,Delhi,Home & Furniture,UPI,2026-05-24,5251.88,1
1940,1360,39,Male,Delhi,Beauty,Credit Card,2026-05-24,1099.82,1
2774,1048,23,Male,Pune,Grocery,COD,2026-05-24,1228.73,1
1050,1943,50,Male,Delhi,Electronics,Net Banking,2026-05-24,3388.27,1
2769,1267,61,Male,Bangalore,Electronics,UPI,2026-05-24,14182.6,1
2906,2022,29,Female,Hyderabad,Beauty,Debit Card,2026-05-24,1139.47,1
121,1206,36,Male,Chennai,Home & Furniture,UPI,2026-05-25,10333.66,0
2044,1981,62,Female,Bangalore,Fashion,UPI,2026-05-25,1565.47,0
403,1801,63,Female,Mumbai,Beauty,Net Banking,2026-05-25,1246.81,1
3087,2123,37,Female,Kolkata,Beauty,UPI,2026-05-25,2127.21,1
504,2197,46,Female,Chennai,Electronics,UPI,2026-05-26,11679.25,1
3420,1562,23,Male,Hyderabad,Books,Debit Card,2026-05-26,478.54,1
948,2024,60,Male,Pune,Fashion,Debit Card,2026-05-26,1682.86,0
2823,1447,47,Female,Bangalore,Sports,Debit Card,2026-05-26,4169.58,1
2443,1781,40,Male,Hyderabad,Grocery,UPI,2026-05-26,1173.19,1
3207,1793,43,Male,Mumbai,Home & Furniture,COD,2026-05-26,4626.07,1
3999,1382,52,Male,Hyderabad,Books,Credit Card,2026-05-26,865.14,0
830,1012,30,Female,Bangalore,Beauty,Debit Card,2026-05-27,714.32,0
3244,1273,53,Male,Pune,Fashion,Credit Card,2026-05-27,1754.92,0
355,1369,56,Female,Hyderabad,Fashion,Credit Card,2026-05-27,1705.91,1
1523,1634,23,Female,Hyderabad,Beauty,COD,2026-05-27,2761.73,0
3136,2179,18,Male,Mumbai,Grocery,UPI,2026-05-27,1878.09,1
3549,1019,58,Female,Mumbai,Beauty,UPI,2026-05-27,1327.17,1
2600,1082,58,Male,Mumbai,Home & Furniture,Credit Card,2026-05-27,5123.42,0
3210,1458,33,Female,Pune,Electronics,UPI,2026-05-28,9913.55,1
2207,1420,63,Male,Ahmedabad,Fashion,Credit Card,2026-05-28,3824.43,1
79,1379,61,Male,Pune,Home & Furniture,UPI,2026-05-28,7250.78,1
1947,1310,43,Male,Mumbai,Grocery,UPI,2026-05-28,625.34,1
800,1503,54,Female,Hyderabad,Home & Furniture,COD,2026-05-28,4365.56,1
533,2024,54,Male,Hyderabad,Grocery,Credit Card,2026-05-28,1036.14,0
2395,1597,41,Female,Chennai,Electronics,Credit Card,2026-05-28,4559.35,0
3298,1403,34,Female,Mumbai,Fashion,UPI,2026-05-28,1905.62,1
2382,1983,24,Female,Chennai,Grocery,Debit Card,2026-05-28,1885.81,1
1783,1786,44,Male,Chennai,Electronics,Credit Card,2026-05-28,12125.25,0
3003,1030,58,Male,Chennai,Grocery,UPI,2026-05-29,966.62,0
3652,2096,19,Female,Pune,Fashion,UPI,2026-05-29,3569.19,0
749,1738,35,Female,Hyderabad,Home & Furniture,UPI,2026-05-29,6613.36,1
955,1201,42,Female,Bangalore,Grocery,Debit Card,2026-05-29,911.52,1
2740,1638,33,Male,Bangalore,Electronics,UPI,2026-05-30,9828.9,0
3681,1822,20,Male,Pune,Sports,COD,2026-05-30,2612.36,1
1970,1930,37,Female,Pune,Electronics,COD,2026-05-30,15402.72,0
216,2122,55,Female,Mumbai,Fashion,Credit Card,2026-05-30,2757.61,0
1245,1696,18,Male,Pune,Grocery,UPI,2026-05-30,1486.19,1
2676,2185,54,Male,Pune,Fashion,Debit Card,2026-05-30,2572.72,0
1782,1469,24,Male,Hyderabad,Electronics,UPI,2026-05-30,10765.21,1
3557,1801,40,Male,Bangalore,Fashion,COD,2026-05-31,2960.75,1
897,1814,29,Male,Chennai,Beauty,COD,2026-05-31,546.95,1
832,1320,46,Male,Bangalore,Electronics,UPI,2026-05-31,9151.71,1
2254,2013,43,Female,Ahmedabad,Grocery,COD,2026-05-31,1357.62,0
3928,1989,36,Male,Bangalore,Grocery,Net Banking,2026-05-31,1162.19,1
1973,1252,59,Male,Bangalore,Fashion,COD,2026-05-31,1762.79,1
3562,1559,25,Male,Hyderabad,Electronics,COD,2026-05-31,17354.35,0
2411,1021,63,Male,Hyderabad,Grocery,Credit Card,2026-05-31,1008.17,1
3036,1817,29,Male,Bangalore,Home & Furniture,Credit Card,2026-05-31,5465.64,0
3453,1850,48,Male,Hyderabad,Fashion,UPI,2026-05-31,1426.39,1
1824,1151,58,Female,Pune,Grocery,UPI,2026-05-31,1284.03,1
524,2149,38,Male,Hyderabad,Fashion,UPI,2026-06-01,1149.4,0
3398,1660,29,Male,Ahmedabad,Sports,UPI,2026-06-01,2726.75,1
3836,1193,50,Female,Mumbai,Books,Net Banking,2026-06-01,1006.17,1
2059,1492,44,Female,Delhi,Fashion,UPI,2026-06-01,1804.05,1
1630,1918,26,Female,Chennai,Home & Furniture,Debit Card,2026-06-01,7743.6,0
3604,1689,39,Male,Kolkata,Grocery,Credit Card,2026-06-01,1308.68,1
1638,1132,43,Female,Bangalore,Home & Furniture,UPI,2026-06-01,4922.73,0
329,1149,47,Male,Chennai,Books,UPI,2026-06-01,1280.93,0
3572,1265,45,Female,Chennai,Home & Furniture,UPI,2026-06-02,7552.11,0
3198,1490,38,Female,Chennai,Electronics,Debit Card,2026-06-02,33735.21,1
3613,1376,24,Female,Mumbai,Home & Furniture,Credit Card,2026-06-02,7613.41,0
1268,1186,56,Female,Kolkata,Fashion,UPI,2026-06-02,1828.55,1
2912,1703,47,Female,Delhi,Grocery,Debit Card,2026-06-02,1646.77,0
273,1517,56,Female,Ahmedabad,Sports,Debit Card,2026-06-02,2042.69,1
2423,1570,48,Male,Delhi,Books,UPI,2026-06-02,668.95,1
3730,1086,40,Male,Mumbai,Home & Furniture,COD,2026-06-02,3514.16,1
1284,1936,43,Male,Mumbai,Grocery,Debit Card,2026-06-02,1577.42,0
3620,1150,26,Male,Kolkata,Electronics,Net Banking,2026-06-03,6375.33,1
2377,1164,47,Male,Delhi,Fashion,Credit Card,2026-06-03,3388.48,1
899,1215,34,Male,Hyderabad,Home & Furniture,Credit Card,2026-06-03,5938.02,0
333,1681,18,Female,Mumbai,Fashion,UPI,2026-06-03,2438.93,1
2491,2023,43,Female,Mumbai,Grocery,Debit Card,2026-06-03,1394.7,0
3673,1771,41,Female,Ahmedabad,Fashion,UPI,2026-06-03,1797.45,1
3531,1016,57,Male,Delhi,Grocery,UPI,2026-06-03,1092.64,1
1960,2181,41,Female,Bangalore,Home & Furniture,Credit Card,2026-06-04,5206.22,1
2800,1006,53,Male,Ahmedabad,Home & Furniture,Debit Card,2026-06-04,8035.09,0
3690,1713,40,Male,Bangalore,Grocery,UPI,2026-06-04,1329.51,1
3088,1030,41,Female,Pune,Electronics,COD,2026-06-04,10210.64,1
1521,1427,58,Female,Delhi,Home & Furniture,Debit Card,2026-06-04,8200.39,0
3289,1009,41,Female,Bangalore,Electronics,UPI,2026-06-04,5760.16,1
2050,1245,24,Female,Chennai,Grocery,Credit Card,2026-06-05,3015.49,0
3550,1552,50,Male,Kolkata,Sports,Debit Card,2026-06-05,4045.44,1
1217,1982,42,Female,Mumbai,Sports,UPI,2026-06-05,2805.5,0
1102,1040,46,Female,Bangalore,Fashion,UPI,2026-06-05,1861.51,1
3270,1092,37,Male,Mumbai,Beauty,Credit Card,2026-06-05,1499.61,1
2894,1475,32,Female,Hyderabad,Grocery,COD,2026-06-05,1914.27,0
275,2060,21,Female,Mumbai,Beauty,Debit Card,2026-06-05,2207.35,0
1884,1516,19,Female,Bangalore,Fashion,Debit Card,2026-06-05,1627.95,0
1338,1039,41,Female,Hyderabad,Home & Furniture,Credit Card,2026-06-06,9927.57,0
1070,1804,19,Male,Bangalore,Beauty,Net Banking,2026-06-06,1473.5,0
2722,1018,36,Male,Hyderabad,Fashion,UPI,2026-06-06,3161.91,0
2780,1419,36,Female,Bangalore,Home & Furniture,COD,2026-06-06,7824.18,1
917,1711,57,Male,Delhi,Electronics,COD,2026-06-06,14222.31,0
1156,1041,23,Male,Hyderabad,Sports,UPI,2026-06-06,2937.0,0
6,1121,37,Male,Delhi,Books,Credit Card,2026-06-06,1290.3,0
3726,1661,54,Female,Kolkata,Books,UPI,2026-06-06,1024.21,1
837,2118,26,Male,Bangalore,Beauty,UPI,2026-06-07,850.3,1
2088,1424,18,Male,Mumbai,Electronics,UPI,2026-06-07,10730.78,1
3476,2112,52,Male,Delhi,Fashion,COD,2026-06-07,1531.13,1
3514,1288,51,Male,Hyderabad,Fashion,Debit Card,2026-06-07,2596.03,1
2747,2136,22,Female,Mumbai,Electronics,Debit Card,2026-06-07,12352.23,1
3520,1127,63,Male,Delhi,Grocery,UPI,2026-06-07,1260.07,0
2556,1482,63,Female,Hyderabad,Sports,UPI,2026-06-07,1955.91,0
799,1880,62,Female,Kolkata,Sports,UPI,2026-06-07,4653.59,1
1632,2033,32,Male,Pune,Home & Furniture,UPI,2026-06-07,7858.54,1
2856,1898,45,Male,Bangalore,Fashion,Net Banking,2026-06-07,5362.92,1
2858,1761,56,Male,Delhi,Home & Furniture,UPI,2026-06-08,8106.41,0
1057,1914,40,Male,Mumbai,Books,UPI,2026-06-08,789.95,1
2749,1654,35,Female,Delhi,Sports,UPI,2026-06-08,3369.17,0
1234,1250,44,Male,Delhi,Grocery,Debit Card,2026-06-08,2346.9,0
1757,1303,51,Male,Chennai,Fashion,Credit Card,2026-06-08,1971.34,0
1006,2042,50,Male,Bangalore,Beauty,Debit Card,2026-06-08,1144.95,0
3641,1588,47,Male,Bangalore,Home & Furniture,Net Banking,2026-06-08,16593.14,1
1412,2030,33,Female,Delhi,Fashion,Net Banking,2026-06-08,2211.12,1
1687,2014,48,Male,Pune,Electronics,UPI,2026-06-08,20383.97,0
3890,1400,18,Female,Chennai,Grocery,Credit Card,2026-06-09,1204.58,1
2982,1935,52,Female,Kolkata,Books,UPI,2026-06-09,419.91,1
162,1001,55,Male,Mumbai,Grocery,Debit Card,2026-06-09,500.63,1
1394,1523,30,Female,Hyderabad,Grocery,Net Banking,2026-06-09,1555.23,0
3045,1136,63,Male,Bangalore,Electronics,UPI,2026-06-09,15838.83,1
3297,1979,33,Male,Mumbai,Home & Furniture,UPI,2026-06-09,5622.17,1
2463,1267,29,Male,Mumbai,Fashion,UPI,2026-06-09,3540.94,1
737,1077,52,Female,Mumbai,Electronics,UPI,2026-06-09,15617.69,1
680,1068,20,Male,Chennai,Electronics,COD,2026-06-09,9929.76,0
3240,1445,22,Male,Kolkata,Sports,Net Banking,2026-06-09,3705.76,1
1250,1920,25,Male,Bangalore,Fashion,COD,2026-06-09,1962.07,1
2814,1832,41,Female,Hyderabad,Electronics,UPI,2026-06-09,10867.72,1
1133,1186,43,Female,Hyderabad,Fashion,UPI,2026-06-10,1628.22,1
2119,1407,42,Female,Pune,Books,UPI,2026-06-10,832.16,1
2396,2014,27,Female,Pune,Grocery,UPI,2026-06-10,1585.33,1
1153,2040,51,Male,Kolkata,Home & Furniture,Credit Card,2026-06-10,4442.57,0
1096,1804,34,Male,Mumbai,Books,Debit Card,2026-06-10,465.51,1
2631,1987,21,Male,Delhi,Fashion,Debit Card,2026-06-10,3834.76,0
1313,1169,29,Male,Delhi,Electronics,Debit Card,2026-06-10,12172.28,1
14,1343,22,Male,Bangalore,Books,UPI,2026-06-11,573.6,1
1838,1241,51,Male,Hyderabad,Electronics,Debit Card,2026-06-11,5334.35,1
3940,1203,29,Female,Bangalore,Beauty,Credit Card,2026-06-11,1272.89,1
2605,1172,62,Male,Pune,Electronics,Credit Card,2026-06-11,7659.95,0
3958,1076,43,Male,Mumbai,Grocery,UPI,2026-06-11,607.47,0
678,1784,37,Female,Hyderabad,Sports,Debit Card,2026-06-12,4178.79,1
731,1638,58,Female,Ahmedabad,Sports,Net Banking,2026-06-12,2411.31,1
3899,1266,31,Female,Hyderabad,Beauty,Debit Card,2026-06-12,2875.59,1
628,1684,49,Male,Chennai,Fashion,UPI,2026-06-12,3927.43,0
920,1345,62,Male,Hyderabad,Grocery,Net Banking,2026-06-12,1272.05,0
3202,1215,48,Male,Bangalore,Fashion,UPI,2026-06-12,2942.6,1
334,1837,61,Female,Hyderabad,Electronics,Net Banking,2026-06-12,7065.75,1
2240,1565,28,Male,Chennai,Fashion,UPI,2026-06-12,1878.39,1
2689,1752,24,Male,Mumbai,Electronics,COD,2026-06-12,6466.51,1
807,1172,36,Male,Hyderabad,Sports,UPI,2026-06-12,4151.87,1
3239,2113,46,Male,Pune,Electronics,COD,2026-06-12,14328.85,1
2880,1164,56,Male,Hyderabad,Fashion,Net Banking,2026-06-12,2203.89,0
20,1459,37,Male,Hyderabad,Sports,Credit Card,2026-06-12,2549.45,1
2135,1137,50,Male,Mumbai,Electronics,Net Banking,2026-06-13,5849.04,1
1440,1868,64,Female,Hyderabad,Home & Furniture,Credit Card,2026-06-13,5844.39,1
3536,1424,32,Female,Bangalore,Books,UPI,2026-06-13,492.64,1
58,1565,60,Male,Delhi,Grocery,Debit Card,2026-06-13,2048.66,0
3205,1488,32,Male,Bangalore,Electronics,Net Banking,2026-06-13,6585.34,1
1161,1171,18,Male,Hyderabad,Fashion,Credit Card,2026-06-13,2023.81,0
1379,2007,30,Male,Hyderabad,Home & Furniture,UPI,2026-06-14,8865.3,1
134,2059,54,Male,Mumbai,Electronics,Credit Card,2026-06-14,7415.02,1
566,2031,30,Male,Pune,Electronics,Debit Card,2026-06-14,11891.41,1
3973,1350,61,Male,Chennai,Fashion,Debit Card,2026-06-14,2374.62,1
509,1633,57,Female,Chennai,Grocery,Debit Card,2026-06-14,2246.84,1
2288,2099,47,Female,Delhi,Sports,Debit Card,2026-06-14,4805.32,0
763,1108,30,Female,Hyderabad,Grocery,UPI,2026-06-14,1679.88,1
3495,2149,42,Male,Hyderabad,Sports,Credit Card,2026-06-15,2134.38,1
1122,1633,30,Male,Mumbai,Fashion,UPI,2026-06-15,2473.23,1
2298,1112,24,Male,Bangalore,Sports,Debit Card,2026-06-15,2265.06,0
382,1153,34,Female,Delhi,Grocery,UPI,2026-06-15,807.8,0
127,2020,51,Female,Pune,Electronics,COD,2026-06-15,7419.23,1
2986,1449,30,Female,Hyderabad,Home & Furniture,Credit Card,2026-06-15,8206.68,0
2587,1141,53,Male,Pune,Electronics,UPI,2026-06-15,9842.6,1
736,1027,27,Female,Delhi,Home & Furniture,UPI,2026-06-15,5890.94,1
2719,1126,57,Male,Hyderabad,Home & Furniture,UPI,2026-06-15,8503.51,1
3559,2157,43,Female,Mumbai,Sports,Debit Card,2026-06-15,1387.09,0
1104,1033,20,Male,Pune,Books,UPI,2026-06-16,818.03,1
1744,1841,42,Female,Chennai,Electronics,UPI,2026-06-16,11489.9,0
2441,1627,61,Male,Pune,Grocery,UPI,2026-06-16,1400.15,0
1904,2016,35,Female,Delhi,Electronics,Net Banking,2026-06-16,7203.7,1
594,2028,61,Female,Ahmedabad,Electronics,UPI,2026-06-16,8980.74,1
735,1473,51,Female,Pune,Electronics,Credit Card,2026-06-16,16032.22,1
2261,1037,26,Female,Kolkata,Beauty,Credit Card,2026-06-16,1459.97,1
1869,2190,47,Male,Pune,Books,UPI,2026-06-17,427.08,1
305,1758,35,Female,Chennai,Grocery,Debit Card,2026-06-17,1368.1,1
3765,1205,51,Female,Chennai,Grocery,COD,2026-06-17,1532.99,1
723,1047,62,Male,Hyderabad,Grocery,UPI,2026-06-17,1473.6,1
1139,1663,26,Female,Ahmedabad,Fashion,COD,2026-06-17,2499.81,1
3295,1604,33,Male,Chennai,Electronics,Credit Card,2026-06-17,9123.67,1
637,1249,48,Female,Chennai,Fashion,Net Banking,2026-06-17,1997.22,0
3968,1479,27,Female,Delhi,Electronics,Net Banking,2026-06-18,12475.23,1
2850,1304,56,Female,Mumbai,Beauty,Debit Card,2026-06-18,1746.64,0
1620,1129,49,Male,Chennai,Fashion,Net Banking,2026-06-18,2599.07,0
3865,2145,52,Female,Hyderabad,Fashion,Credit Card,2026-06-18,2660.19,0
1900,1115,18,Female,Bangalore,Fashion,Credit Card,2026-06-18,2555.21,1
257,1225,25,Male,Mumbai,Electronics,COD,2026-06-18,12917.05,1
3276,2179,47,Female,Hyderabad,Grocery,Debit Card,2026-06-18,720.17,1
2446,1057,43,Female,Chennai,Fashion,COD,2026-06-18,2304.06,0
172,1202,22,Female,Delhi,Sports,Debit Card,2026-06-18,2649.7,0
718,1238,40,Female,Pune,Electronics,UPI,2026-06-19,4147.23,1
1676,1494,19,Female,Bangalore,Fashion,UPI,2026-06-19,2196.86,1
708,1345,50,Male,Mumbai,Beauty,UPI,2026-06-19,951.13,0
707,1523,31,Male,Chennai,Electronics,UPI,2026-06-20,7522.05,0
3512,1558,28,Male,Delhi,Books,Net Banking,2026-06-20,696.8,1
3152,1372,27,Male,Chennai,Electronics,COD,2026-06-20,9115.78,1
3117,1052,44,Female,Pune,Grocery,Debit Card,2026-06-20,614.17,0
3261,1361,35,Male,Chennai,Electronics,UPI,2026-06-20,6328.93,1
986,2107,27,Female,Mumbai,Beauty,Debit Card,2026-06-20,1292.3,1
3518,1214,53,Male,Delhi,Books,UPI,2026-06-21,1022.73,1
1576,1956,28,Female,Ahmedabad,Home & Furniture,Net Banking,2026-06-21,7735.77,1
1788,1750,24,Female,Mumbai,Electronics,Credit Card,2026-06-21,6981.91,1
1429,2098,60,Male,Hyderabad,Fashion,Credit Card,2026-06-21,1094.64,1
2616,1675,49,Male,Hyderabad,Fashion,Credit Card,2026-06-21,1845.92,0
2999,1436,37,Female,Kolkata,Grocery,Credit Card,2026-06-21,1696.3,0
3208,1004,27,Female,Pune,Fashion,Credit Card,2026-06-22,3865.82,0
2910,1398,27,Male,Chennai,Grocery,COD,2026-06-22,2216.26,1
2997,1320,41,Male,Pune,Electronics,UPI,2026-06-22,7156.28,1
3979,1916,28,Female,Hyderabad,Home & Furniture,UPI,2026-06-22,11607.79,1
1477,1385,56,Female,Hyderabad,Grocery,Credit Card,2026-06-22,1233.66,0
1866,2125,38,Female,Mumbai,Sports,UPI,2026-06-22,3544.91,0
782,1349,38,Female,Delhi,Fashion,UPI,2026-06-22,3381.86,1
1691,2198,61,Female,Mumbai,Fashion,Credit Card,2026-06-22,1117.06,1
2838,1200,44,Female,Kolkata,Home & Furniture,COD,2026-06-22,5327.68,1
2646,2058,33,Female,Bangalore,Grocery,UPI,2026-06-22,1459.6,1
13,1769,45,Male,Delhi,Home & Furniture,COD,2026-06-22,6231.12,1
41,1387,36,Female,Delhi,Home & Furniture,UPI,2026-06-22,4925.61,1
3908,1715,34,Female,Mumbai,Fashion,UPI,2026-06-22,1467.87,0
2146,1168,47,Female,Delhi,Grocery,UPI,2026-06-23,1184.95,1
2795,1671,56,Female,Hyderabad,Grocery,UPI,2026-06-23,2722.83,1
542,1133,39,Male,Chennai,Books,Net Banking,2026-06-23,589.57,1
2452,2120,42,Male,Chennai,Fashion,Net Banking,2026-06-24,2648.05,1
1395,1917,20,Male,Hyderabad,Electronics,Net Banking,2026-06-24,6322.17,1
3400,1271,22,Female,Mumbai,Beauty,Debit Card,2026-06-24,1475.08,0
42,1600,18,Female,Bangalore,Electronics,UPI,2026-06-24,13779.64,1
3569,2088,39,Male,Hyderabad,Home & Furniture,Credit Card,2026-06-24,5968.02,1
1012,1193,20,Male,Mumbai,Grocery,Credit Card,2026-06-24,1504.48,0
1309,1634,44,Male,Ahmedabad,Fashion,Debit Card,2026-06-24,2348.5,0
101,1779,26,Female,Delhi,Grocery,Net Banking,2026-06-24,643.7,0
1885,1427,26,Female,Kolkata,Sports,COD,2026-06-24,1647.36,0
3025,1849,62,Female,Delhi,Fashion,Debit Card,2026-06-24,1201.54,0
2485,1039,39,Male,Hyderabad,Grocery,Debit Card,2026-06-24,618.8,1
1596,1636,33,Female,Bangalore,Home & Furniture,UPI,2026-06-24,6493.39,0
3997,1536,25,Male,Mumbai,Home & Furniture,UPI,2026-06-25,4478.4,1
1828,1858,49,Female,Ahmedabad,Home & Furniture,UPI,2026-06-25,2995.37,0
1049,1822,60,Male,Hyderabad,Fashion,UPI,2026-06-25,1570.18,0
619,1676,21,Female,Mumbai,Sports,Debit Card,2026-06-25,4913.78,1
3490,1499,22,Female,Delhi,Fashion,UPI,2026-06-25,1549.03,1
2084,1191,35,Female,Mumbai,Fashion,UPI,2026-06-25,2395.38,1
2544,2199,29,Female,Bangalore,Beauty,UPI,2026-06-25,2740.73,1
2591,1701,51,Male,Bangalore,Home & Furniture,UPI,2026-06-25,4815.48,0
2567,1639,50,Male,Ahmedabad,Fashion,Debit Card,2026-06-25,2494.18,1
1990,1993,51,Male,Pune,Grocery,Debit Card,2026-06-25,1064.11,1
3692,1020,18,Male,Pune,Books,UPI,2026-06-25,776.96,1
3653,1508,54,Female,Delhi,Grocery,Debit Card,2026-06-25,2105.04,1
3243,1356,59,Female,Bangalore,Grocery,UPI,2026-06-25,1021.99,1
3573,1820,50,Male,Pune,Beauty,UPI,2026-06-25,1102.12,0
1527,1222,60,Male,Hyderabad,Grocery,UPI,2026-06-26,1150.23,1
3486,1374,49,Female,Bangalore,Fashion,UPI,2026-06-26,2147.86,0
3052,1176,32,Female,Chennai,Fashion,Credit Card,2026-06-26,1278.92,1
932,1355,45,Female,Ahmedabad,Electronics,Credit Card,2026-06-26,5470.07,0
1833,2190,51,Male,Kolkata,Books,Debit Card,2026-06-27,1127.07,1
949,1566,44,Male,Delhi,Sports,Debit Card,2026-06-27,3570.1,0
1452,1429,25,Male,Mumbai,Grocery,UPI,2026-06-27,747.69,0
3122,2161,55,Female,Delhi,Fashion,UPI,2026-06-27,3089.93,1
1508,1588,33,Female,Hyderabad,Books,UPI,2026-06-28,1206.12,1
608,2122,60,Male,Chennai,Beauty,Net Banking,2026-06-28,1866.29,0
167,2153,48,Male,Hyderabad,Beauty,COD,2026-06-28,2101.27,1
747,1362,29,Male,Bangalore,Beauty,Credit Card,2026-06-28,2199.33,1
3903,2082,41,Female,Mumbai,Home & Furniture,UPI,2026-06-28,7649.3,0
3306,1692,43,Male,Delhi,Grocery,UPI,2026-06-29,1104.07,1
3283,1789,39,Female,Hyderabad,Electronics,Credit Card,2026-06-29,10386.12,1
1979,1335,34,Male,Ahmedabad,Books,UPI,2026-06-29,724.19,1
1113,1167,26,Male,Hyderabad,Home & Furniture,Net Banking,2026-06-29,5683.31,1
3638,1274,22,Male,Kolkata,Grocery,Net Banking,2026-06-29,1550.18,0
357,2129,48,Female,Pune,Grocery,Net Banking,2026-06-29,1403.15,0
2825,1124,28,Female,Hyderabad,Electronics,Credit Card,2026-06-29,6997.17,0
2905,1581,55,Male,Ahmedabad,Beauty,UPI,2026-06-29,2126.79,0
